most_ads_day,most_ads_hour,test_group,users,conversions,conversion_rate,conversion_rate_pct
Friday,0,ad,807,16,0.01982651796778191,1.982651796778191
Friday,0,psa,34,0,0.0,0.0
Friday,1,ad,662,7,0.010574018126888218,1.0574018126888218
Friday,1,psa,29,0,0.0,0.0
Friday,2,ad,825,10,0.012121212121212121,1.2121212121212122
Friday,2,psa,25,0,0.0,0.0
Friday,3,ad,515,2,0.003883495145631068,0.3883495145631068
Friday,3,psa,27,0,0.0,0.0
Friday,4,ad,118,2,0.01694915254237288,1.694915254237288
Friday,4,psa,4,0,0.0,0.0
Friday,5,ad,129,2,0.015503875968992248,1.550387596899225
Friday,5,psa,6,0,0.0,0.0
Friday,6,ad,330,4,0.012121212121212121,1.2121212121212122
Friday,6,psa,13,0,0.0,0.0
Friday,7,ad,1018,19,0.018664047151277015,1.8664047151277015
Friday,7,psa,54,1,0.018518518518518517,1.8518518518518516
Friday,8,ad,2358,39,0.01653944020356234,1.653944020356234
Friday,8,psa,110,1,0.00909090909090909,0.9090909090909091
Friday,9,ad,4282,86,0.02008407286314806,2.008407286314806
Friday,9,psa,200,2,0.01,1.0
Friday,10,ad,5353,124,0.023164580609004295,2.3164580609004295
Friday,10,psa,223,5,0.02242152466367713,2.242152466367713
Friday,11,ad,6927,124,0.01790096722968096,1.7900967229680957
Friday,11,psa,356,5,0.014044943820224719,1.4044943820224718
Friday,12,ad,6949,136,0.019571161318175278,1.9571161318175279
Friday,12,psa,370,5,0.013513513513513514,1.3513513513513513
Friday,13,ad,7166,166,0.023164945576332682,2.316494557633268
Friday,13,psa,328,3,0.009146341463414634,0.9146341463414633
Friday,14,ad,6622,163,0.024614919963757174,2.4614919963757176
Friday,14,psa,310,1,0.0032258064516129032,0.3225806451612903
Friday,15,ad,6650,176,0.026466165413533835,2.6466165413533838
Friday,15,psa,285,6,0.021052631578947368,2.1052631578947367
Friday,16,ad,5523,153,0.027702335687126562,2.7702335687126562
Friday,16,psa,278,3,0.01079136690647482,1.079136690647482
Friday,17,ad,5027,108,0.021483986473045554,2.1483986473045555
Friday,17,psa,205,5,0.024390243902439025,2.4390243902439024
Friday,18,ad,4839,116,0.023971895019632157,2.397189501963216
Friday,18,psa,203,6,0.029556650246305417,2.955665024630542
Friday,19,ad,4593,95,0.020683649031134337,2.0683649031134337
Friday,19,psa,180,7,0.03888888888888889,3.888888888888889
Friday,20,ad,4465,135,0.030235162374020158,3.0235162374020157
Friday,20,psa,133,2,0.015037593984962405,1.5037593984962405
Friday,21,ad,4933,144,0.029191161564970605,2.9191161564970605
Friday,21,psa,196,7,0.03571428571428571,3.571428571428571
Friday,22,ad,4737,100,0.021110407430863416,2.1110407430863414
Friday,22,psa,135,0,0.0,0.0
Friday,23,ad,3977,68,0.017098315313050037,1.7098315313050036
Friday,23,psa,99,3,0.030303030303030304,3.0303030303030303
Monday,0,ad,820,14,0.01707317073170732,1.707317073170732
Monday,0,psa,42,0,0.0,0.0
Monday,1,ad,531,9,0.01694915254237288,1.694915254237288
Monday,1,psa,35,0,0.0,0.0
Monday,2,ad,709,5,0.007052186177715092,0.7052186177715092
Monday,2,psa,28,0,0.0,0.0
Monday,3,ad,316,4,0.012658227848101266,1.2658227848101267
Monday,3,psa,14,0,0.0,0.0
Monday,4,ad,88,0,0.0,0.0
Monday,4,psa,4,0,0.0,0.0
Monday,5,ad,92,3,0.03260869565217391,3.260869565217391
Monday,5,psa,2,0,0.0,0.0
Monday,6,ad,262,11,0.04198473282442748,4.198473282442748
Monday,6,psa,17,0,0.0,0.0
Monday,7,ad,760,14,0.018421052631578946,1.8421052631578945
Monday,7,psa,26,0,0.0,0.0
Monday,8,ad,2412,82,0.03399668325041459,3.399668325041459
Monday,8,psa,98,0,0.0,0.0
Monday,9,ad,4365,116,0.026575028636884306,2.6575028636884306
Monday,9,psa,181,3,0.016574585635359115,1.6574585635359116
Monday,10,ad,5159,157,0.030432254312851327,3.0432254312851326
Monday,10,psa,229,6,0.026200873362445413,2.6200873362445414
Monday,11,ad,6433,210,0.03264417845484222,3.264417845484222
Monday,11,psa,287,8,0.027874564459930314,2.7874564459930316
Monday,12,ad,6744,224,0.033214709371293,3.3214709371292996
Monday,12,psa,258,7,0.027131782945736434,2.7131782945736433
Monday,13,ad,6678,232,0.03474094040131776,3.474094040131776
Monday,13,psa,292,6,0.02054794520547945,2.054794520547945
Monday,14,ad,6039,271,0.04487497930120881,4.487497930120881
Monday,14,psa,296,10,0.033783783783783786,3.3783783783783785
Monday,15,ad,6357,273,0.04294478527607362,4.294478527607362
Monday,15,psa,327,11,0.03363914373088685,3.3639143730886847
Monday,16,ad,5592,209,0.037374821173104436,3.7374821173104436
Monday,16,psa,266,8,0.03007518796992481,3.007518796992481
Monday,17,ad,5432,195,0.035898379970544916,3.5898379970544916
Monday,17,psa,193,6,0.031088082901554404,3.1088082901554404
Monday,18,ad,5038,140,0.027788805081381502,2.7788805081381502
Monday,18,psa,182,3,0.016483516483516484,1.6483516483516485
Monday,19,ad,4449,136,0.03056866711620589,3.056866711620589
Monday,19,psa,171,6,0.03508771929824561,3.508771929824561
Monday,20,ad,4567,148,0.03240639369389096,3.2406393693890956
Monday,20,psa,158,2,0.012658227848101266,1.2658227848101267
Monday,21,ad,4244,144,0.033930254476908575,3.3930254476908575
Monday,21,psa,159,1,0.006289308176100629,0.628930817610063
Monday,22,ad,3934,118,0.029994916115912557,2.9994916115912558
Monday,22,psa,149,2,0.013422818791946308,1.342281879194631
Monday,23,ad,2550,63,0.024705882352941175,2.4705882352941173
Monday,23,psa,88,0,0.0,0.0
Saturday,0,ad,763,18,0.023591087811271297,2.3591087811271296
Saturday,0,psa,28,0,0.0,0.0
Saturday,1,ad,819,7,0.008547008547008548,0.8547008547008548
Saturday,1,psa,27,0,0.0,0.0
Saturday,2,ad,900,4,0.0044444444444444444,0.4444444444444444
Saturday,2,psa,31,0,0.0,0.0
Saturday,3,ad,362,4,0.011049723756906077,1.1049723756906076
Saturday,3,psa,12,0,0.0,0.0
Saturday,4,ad,79,0,0.0,0.0
Saturday,4,psa,6,0,0.0,0.0
Saturday,5,ad,88,5,0.056818181818181816,5.681818181818182
Saturday,5,psa,6,0,0.0,0.0
Saturday,6,ad,252,13,0.051587301587301584,5.158730158730158
Saturday,6,psa,13,0,0.0,0.0
Saturday,7,ad,727,17,0.023383768913342505,2.3383768913342506
Saturday,7,psa,27,1,0.037037037037037035,3.7037037037037033
Saturday,8,ad,2150,50,0.023255813953488372,2.3255813953488373
Saturday,8,psa,81,1,0.012345679012345678,1.2345679012345678
Saturday,9,ad,3645,60,0.01646090534979424,1.646090534979424
Saturday,9,psa,129,0,0.0,0.0
Saturday,10,ad,4867,79,0.01623176494760633,1.6231764947606329
Saturday,10,psa,179,0,0.0,0.0
Saturday,11,ad,5760,84,0.014583333333333334,1.4583333333333333
Saturday,11,psa,247,5,0.020242914979757085,2.0242914979757085
Saturday,12,ad,5852,108,0.01845522898154477,1.845522898154477
Saturday,12,psa,252,4,0.015873015873015872,1.5873015873015872
Saturday,13,ad,6056,121,0.019980184940554823,1.9980184940554824
Saturday,13,psa,238,8,0.03361344537815126,3.361344537815126
Saturday,14,ad,5849,118,0.020174388784407592,2.017438878440759
Saturday,14,psa,209,1,0.004784688995215311,0.4784688995215311
Saturday,15,ad,5869,128,0.02180950758221162,2.180950758221162
Saturday,15,psa,222,4,0.018018018018018018,1.8018018018018018
Saturday,16,ad,5223,104,0.019911928010721808,1.9911928010721809
Saturday,16,psa,223,4,0.017937219730941704,1.7937219730941705
Saturday,17,ad,4850,109,0.022474226804123712,2.247422680412371
Saturday,17,psa,166,3,0.018072289156626505,1.8072289156626504
Saturday,18,ad,4368,112,0.02564102564102564,2.564102564102564
Saturday,18,psa,143,2,0.013986013986013986,1.3986013986013985
Saturday,19,ad,4445,119,0.026771653543307086,2.677165354330709
Saturday,19,psa,160,2,0.0125,1.25
Saturday,20,ad,4593,111,0.024167210973220117,2.4167210973220117
Saturday,20,psa,155,1,0.0064516129032258064,0.6451612903225806
Saturday,21,ad,4542,146,0.032144429766622636,3.2144429766622635
Saturday,21,psa,117,3,0.02564102564102564,2.564102564102564
Saturday,22,ad,3904,99,0.02535860655737705,2.535860655737705
Saturday,22,psa,93,0,0.0,0.0
Saturday,23,ad,2839,63,0.022190912293060937,2.219091229306094
Saturday,23,psa,94,1,0.010638297872340425,1.0638297872340425
Sunday,0,ad,910,15,0.016483516483516484,1.6483516483516485
Sunday,0,psa,45,0,0.0,0.0
Sunday,1,ad,684,12,0.017543859649122806,1.7543859649122806
Sunday,1,psa,30,0,0.0,0.0
Sunday,2,ad,688,4,0.005813953488372093,0.5813953488372093
Sunday,2,psa,22,0,0.0,0.0
Sunday,3,ad,368,7,0.019021739130434784,1.9021739130434785
Sunday,3,psa,13,0,0.0,0.0
Sunday,4,ad,100,2,0.02,2.0
Sunday,4,psa,2,0,0.0,0.0
Sunday,5,ad,126,2,0.015873015873015872,1.5873015873015872
Sunday,5,psa,1,0,0.0,0.0
Sunday,6,ad,277,2,0.007220216606498195,0.7220216606498195
Sunday,6,psa,11,0,0.0,0.0
Sunday,7,ad,1089,22,0.020202020202020204,2.0202020202020203
Sunday,7,psa,31,0,0.0,0.0
Sunday,8,ad,2627,43,0.016368481157213552,1.6368481157213552
Sunday,8,psa,67,1,0.014925373134328358,1.4925373134328357
Sunday,9,ad,4041,66,0.016332590942835932,1.6332590942835932
Sunday,9,psa,135,1,0.007407407407407408,0.7407407407407408
Sunday,10,ad,5545,103,0.018575293056807936,1.8575293056807936
Sunday,10,psa,222,3,0.013513513513513514,1.3513513513513513
Sunday,11,ad,6525,113,0.01731800766283525,1.7318007662835249
Sunday,11,psa,253,2,0.007905138339920948,0.7905138339920948
Sunday,12,ad,6275,126,0.0200796812749004,2.00796812749004
Sunday,12,psa,223,3,0.013452914798206279,1.345291479820628
Sunday,13,ad,6212,122,0.019639407598197038,1.9639407598197038
Sunday,13,psa,270,7,0.025925925925925925,2.5925925925925926
Sunday,14,ad,6983,142,0.020335099527423742,2.0335099527423743
Sunday,14,psa,253,3,0.011857707509881422,1.185770750988142
Sunday,15,ad,6609,150,0.022696323195642305,2.2696323195642307
Sunday,15,psa,219,8,0.0365296803652968,3.65296803652968
Sunday,16,ad,5383,148,0.027493962474456624,2.749396247445662
Sunday,16,psa,199,7,0.035175879396984924,3.5175879396984926
Sunday,17,ad,5077,160,0.0315146740200906,3.15146740200906
Sunday,17,psa,199,6,0.03015075376884422,3.015075376884422
Sunday,18,ad,4810,144,0.02993762993762994,2.993762993762994
Sunday,18,psa,172,5,0.029069767441860465,2.9069767441860463
Sunday,19,ad,4520,161,0.035619469026548674,3.5619469026548676
Sunday,19,psa,174,6,0.034482758620689655,3.4482758620689653
Sunday,20,ad,3733,163,0.04366461291186713,4.366461291186713
Sunday,20,psa,159,5,0.031446540880503145,3.1446540880503147
Sunday,21,ad,3705,136,0.03670715249662618,3.6707152496626176
Sunday,21,psa,136,3,0.022058823529411766,2.2058823529411766
Sunday,22,ad,3344,104,0.03110047846889952,3.110047846889952
Sunday,22,psa,124,3,0.024193548387096774,2.4193548387096775
Sunday,23,ad,2701,80,0.029618659755646058,2.961865975564606
Sunday,23,psa,99,0,0.0,0.0
Thursday,0,ad,708,18,0.025423728813559324,2.5423728813559325
Thursday,0,psa,44,0,0.0,0.0
Thursday,1,ad,691,13,0.01881331403762663,1.881331403762663
Thursday,1,psa,34,0,0.0,0.0
Thursday,2,ad,683,9,0.013177159590043924,1.3177159590043925
Thursday,2,psa,39,0,0.0,0.0
Thursday,3,ad,363,2,0.005509641873278237,0.5509641873278237
Thursday,3,psa,8,0,0.0,0.0
Thursday,4,ad,109,3,0.027522935779816515,2.7522935779816518
Thursday,4,psa,6,0,0.0,0.0
Thursday,5,ad,91,2,0.02197802197802198,2.197802197802198
Thursday,5,psa,5,0,0.0,0.0
Thursday,6,ad,285,6,0.021052631578947368,2.1052631578947367
Thursday,6,psa,18,0,0.0,0.0
Thursday,7,ad,1005,16,0.015920398009950248,1.5920398009950247
Thursday,7,psa,60,0,0.0,0.0
Thursday,8,ad,2722,41,0.015062454077883909,1.5062454077883909
Thursday,8,psa,140,4,0.02857142857142857,2.857142857142857
Thursday,9,ad,4404,70,0.01589464123524069,1.589464123524069
Thursday,9,psa,220,4,0.01818181818181818,1.8181818181818181
Thursday,10,ad,4945,85,0.017189079878665317,1.7189079878665317
Thursday,10,psa,233,1,0.004291845493562232,0.4291845493562232
Thursday,11,ad,5171,118,0.022819570682653258,2.2819570682653256
Thursday,11,psa,283,5,0.0176678445229682,1.76678445229682
Thursday,12,ad,5892,115,0.019517990495587237,1.9517990495587236
Thursday,12,psa,317,7,0.022082018927444796,2.2082018927444795
Thursday,13,ad,6374,124,0.019454032005020397,1.9454032005020396
Thursday,13,psa,368,5,0.01358695652173913,1.358695652173913
Thursday,14,ad,6543,167,0.02552346018645881,2.5523460186458813
Thursday,14,psa,323,8,0.02476780185758514,2.476780185758514
Thursday,15,ad,5980,147,0.024581939799331105,2.4581939799331107
Thursday,15,psa,282,8,0.028368794326241134,2.8368794326241136
Thursday,16,ad,5523,145,0.026253847546623212,2.625384754662321
Thursday,16,psa,263,9,0.034220532319391636,3.4220532319391634
Thursday,17,ad,4801,103,0.021453863778379503,2.1453863778379505
Thursday,17,psa,232,4,0.017241379310344827,1.7241379310344827
Thursday,18,ad,4303,98,0.0227748082732977,2.27748082732977
Thursday,18,psa,205,5,0.024390243902439025,2.4390243902439024
Thursday,19,ad,3970,96,0.024181360201511334,2.4181360201511333
Thursday,19,psa,193,3,0.015544041450777202,1.5544041450777202
Thursday,20,ad,3801,109,0.028676664035780057,2.8676664035780055
Thursday,20,psa,178,3,0.016853932584269662,1.6853932584269662
Thursday,21,ad,4222,88,0.020843202273803884,2.0843202273803882
Thursday,21,psa,175,4,0.022857142857142857,2.2857142857142856
Thursday,22,ad,3680,80,0.021739130434782608,2.1739130434782608
Thursday,22,psa,160,6,0.0375,3.75
Thursday,23,ad,2811,56,0.019921736036997508,1.9921736036997508
Thursday,23,psa,119,3,0.025210084033613446,2.5210084033613445
Tuesday,0,ad,713,14,0.019635343618513323,1.9635343618513323
Tuesday,0,psa,24,0,0.0,0.0
Tuesday,1,ad,632,9,0.014240506329113924,1.4240506329113924
Tuesday,1,psa,20,0,0.0,0.0
Tuesday,2,ad,728,4,0.005494505494505495,0.5494505494505495
Tuesday,2,psa,16,0,0.0,0.0
Tuesday,3,ad,336,7,0.020833333333333332,2.083333333333333
Tuesday,3,psa,7,1,0.14285714285714285,14.285714285714285
Tuesday,4,ad,100,2,0.02,2.0
Tuesday,4,psa,4,0,0.0,0.0
Tuesday,5,ad,76,1,0.013157894736842105,1.3157894736842104
Tuesday,6,ad,221,5,0.02262443438914027,2.262443438914027
Tuesday,6,psa,4,0,0.0,0.0
Tuesday,7,ad,729,16,0.02194787379972565,2.194787379972565
Tuesday,7,psa,22,0,0.0,0.0
Tuesday,8,ad,2412,44,0.01824212271973466,1.8242122719734661
Tuesday,8,psa,99,0,0.0,0.0
Tuesday,9,ad,4440,105,0.02364864864864865,2.364864864864865
Tuesday,9,psa,183,2,0.01092896174863388,1.092896174863388
Tuesday,10,ad,5773,122,0.021132859864888272,2.1132859864888274
Tuesday,10,psa,233,4,0.017167381974248927,1.7167381974248928
Tuesday,11,ad,6481,176,0.027156303039654373,2.7156303039654373
Tuesday,11,psa,361,2,0.00554016620498615,0.554016620498615
Tuesday,12,ad,6588,205,0.03111718275652702,3.1117182756527018
Tuesday,12,psa,273,3,0.01098901098901099,1.098901098901099
Tuesday,13,ad,6491,210,0.03235248806039131,3.235248806039131
Tuesday,13,psa,306,3,0.00980392156862745,0.9803921568627451
Tuesday,14,ad,6371,230,0.036101083032490974,3.6101083032490973
Tuesday,14,psa,247,3,0.012145748987854251,1.214574898785425
Tuesday,15,ad,5656,233,0.041195190947666195,4.11951909476662
Tuesday,15,psa,216,4,0.018518518518518517,1.8518518518518516
Tuesday,16,ad,4103,187,0.045576407506702415,4.557640750670242
Tuesday,16,psa,159,6,0.03773584905660377,3.7735849056603774
Tuesday,17,ad,4084,144,0.03525954946131244,3.525954946131244
Tuesday,17,psa,160,1,0.00625,0.625
Tuesday,18,ad,3621,131,0.036177851422259044,3.6177851422259044
Tuesday,18,psa,120,4,0.03333333333333333,3.3333333333333335
Tuesday,19,ad,3298,94,0.02850212249848393,2.850212249848393
Tuesday,19,psa,90,1,0.011111111111111112,1.1111111111111112
Tuesday,20,ad,3397,92,0.027082720047100384,2.7082720047100386
Tuesday,20,psa,90,2,0.022222222222222223,2.2222222222222223
Tuesday,21,ad,3898,93,0.023858388917393534,2.3858388917393536
Tuesday,21,psa,145,4,0.027586206896551724,2.7586206896551726
Tuesday,22,ad,2639,91,0.034482758620689655,3.4482758620689653
Tuesday,22,psa,99,1,0.010101010101010102,1.0101010101010102
Tuesday,23,ad,1785,55,0.03081232492997199,3.081232492997199
Tuesday,23,psa,29,1,0.034482758620689655,3.4482758620689653
Wednesday,0,ad,588,7,0.011904761904761904,1.1904761904761905
Wednesday,0,psa,10,0,0.0,0.0
Wednesday,1,ad,596,5,0.008389261744966443,0.8389261744966443
Wednesday,1,psa,12,0,0.0,0.0
Wednesday,2,ad,619,3,0.004846526655896607,0.48465266558966075
Wednesday,2,psa,20,0,0.0,0.0
Wednesday,3,ad,330,1,0.0030303030303030303,0.30303030303030304
Wednesday,3,psa,8,0,0.0,0.0
Wednesday,4,ad,100,2,0.02,2.0
Wednesday,4,psa,2,0,0.0,0.0
Wednesday,5,ad,140,1,0.007142857142857143,0.7142857142857143
Wednesday,5,psa,3,0,0.0,0.0
Wednesday,6,ad,358,5,0.013966480446927373,1.3966480446927374
Wednesday,6,psa,7,0,0.0,0.0
Wednesday,7,ad,840,10,0.011904761904761904,1.1904761904761905
Wednesday,7,psa,17,0,0.0,0.0
Wednesday,8,ad,2287,38,0.016615653694796676,1.6615653694796677
Wednesday,8,psa,64,0,0.0,0.0
Wednesday,9,ad,4625,79,0.01708108108108108,1.708108108108108
Wednesday,9,psa,154,1,0.006493506493506494,0.6493506493506493
Wednesday,10,ad,5812,148,0.025464556090846524,2.5464556090846524
Wednesday,10,psa,166,1,0.006024096385542169,0.6024096385542169
Wednesday,11,ad,6852,167,0.02437244600116754,2.4372446001167543
Wednesday,11,psa,274,3,0.010948905109489052,1.094890510948905
Wednesday,12,ad,6938,178,0.025655808590371865,2.5655808590371865
Wednesday,12,psa,367,6,0.01634877384196185,1.6348773841961852
Wednesday,13,ad,6508,165,0.02535341118623233,2.5353411186232333
Wednesday,13,psa,368,4,0.010869565217391304,1.0869565217391304
Wednesday,14,ad,5372,160,0.029784065524944156,2.9784065524944157
Wednesday,14,psa,231,4,0.017316017316017316,1.7316017316017316
Wednesday,15,ad,5734,172,0.02999651203348448,2.999651203348448
Wednesday,15,psa,277,5,0.018050541516245487,1.8050541516245486
Wednesday,16,ad,4616,165,0.035745233968804156,3.5745233968804158
Wednesday,16,psa,216,8,0.037037037037037035,3.7037037037037033
Wednesday,17,ad,4334,140,0.032302722658052604,3.2302722658052603
Wednesday,17,psa,228,3,0.013157894736842105,1.3157894736842104
Wednesday,18,ad,4073,112,0.027498158605450528,2.749815860545053
Wednesday,18,psa,246,7,0.028455284552845527,2.8455284552845526
Wednesday,19,ad,3894,81,0.020801232665639446,2.0801232665639446
Wednesday,19,psa,215,4,0.018604651162790697,1.8604651162790697
Wednesday,20,ad,3290,85,0.025835866261398176,2.5835866261398177
Wednesday,20,psa,204,4,0.0196078431372549,1.9607843137254901
Wednesday,21,ad,3351,92,0.027454491196657715,2.7454491196657713
Wednesday,21,psa,153,2,0.013071895424836602,1.3071895424836601
Wednesday,22,ad,3277,83,0.025328043942630454,2.5328043942630454
Wednesday,22,psa,157,3,0.01910828025477707,1.910828025477707
Wednesday,23,ad,2884,64,0.022191400832177532,2.219140083217753
Wednesday,23,psa,91,0,0.0,0.0
