ID,recency,frequency,monetary,r_score,f_score,m_score,segment
5524,58,22,1617,3,5,5,Needs Attention
2174,38,4,27,4,1,1,New / Promising
4141,26,20,776,4,4,4,Champions
6182,26,6,53,4,2,1,New / Promising
5324,94,14,422,1,3,3,Hibernating
7446,16,20,716,5,4,4,Champions
965,34,17,590,4,4,3,Loyal
6177,32,8,169,4,2,2,New / Promising
4855,19,5,46,5,1,1,New / Promising
5899,68,1,49,2,1,1,Hibernating
1994,11,3,19,5,1,1,New / Promising
387,59,5,61,3,1,2,Needs Attention
2125,82,15,1102,1,3,4,Can't Lose Them
8180,53,12,310,3,3,3,Needs Attention
2569,38,4,46,4,1,1,New / Promising
2114,23,25,1315,4,5,5,Champions
9736,51,6,96,3,2,2,Needs Attention
4939,20,11,317,4,3,3,Loyal
6565,91,24,1782,1,5,5,At Risk
2278,86,6,133,1,2,2,Hibernating
9360,41,11,316,3,3,3,Needs Attention
5376,42,28,1730,3,5,5,Needs Attention
1993,63,14,972,2,3,4,Can't Lose Them
4047,0,17,544,5,4,3,Loyal
1409,69,13,444,2,3,3,Hibernating
7892,89,6,75,1,2,2,Hibernating
2404,4,10,257,5,3,3,Loyal
5255,19,27,637,5,5,4,Champions
9422,26,7,131,4,2,2,New / Promising
1966,96,25,1672,1,5,5,At Risk
6864,34,6,30,4,2,1,New / Promising
3033,56,10,318,3,3,3,Needs Attention
5710,31,7,120,4,2,2,New / Promising
7373,8,11,302,5,3,3,Loyal
8755,4,17,1196,5,4,5,Champions
10738,55,5,65,3,1,2,Needs Attention
4339,37,23,913,4,5,4,Champions
10755,76,6,81,2,2,2,Hibernating
8595,99,5,67,1,1,2,Hibernating
2968,53,22,902,3,5,4,Needs Attention
8601,3,19,1395,5,4,5,Champions
503,88,5,53,1,1,1,Hibernating
8430,4,3,22,5,1,1,New / Promising
7281,80,8,186,1,2,2,Hibernating
2139,19,5,31,5,1,1,New / Promising
1371,72,15,984,2,3,4,Can't Lose Them
9909,24,7,122,4,2,2,New / Promising
7286,92,4,55,1,1,1,Hibernating
7244,96,7,124,1,2,2,Hibernating
6566,39,19,1319,4,4,5,Champions
8614,29,16,507,4,4,3,Loyal
4114,2,28,1693,5,5,5,Champions
1331,54,5,72,3,1,2,Needs Attention
2225,54,20,1617,3,4,5,Needs Attention
9381,57,16,606,3,4,3,Needs Attention
6260,55,26,1957,3,5,5,Needs Attention
10383,30,20,1093,4,4,4,Champions
7437,31,5,29,4,1,1,New / Promising
8557,57,5,46,3,1,1,Needs Attention
8375,63,16,518,2,4,3,At Risk
6853,12,20,1438,5,4,5,Champions
3076,18,18,612,5,4,3,Loyal
1012,26,20,884,4,4,4,Champions
6518,8,18,606,5,4,3,Loyal
4137,29,15,1076,4,3,4,Loyal
8082,75,4,34,2,1,1,Hibernating
1386,0,3,11,5,1,1,New / Promising
9369,19,31,1274,5,5,5,Champions
4477,4,17,653,5,4,4,Champions
1357,90,12,1562,1,3,5,Can't Lose Them
1402,1,18,1253,5,4,5,Champions
10629,25,6,109,4,2,2,New / Promising
6312,29,26,863,4,5,4,Champions
8132,88,19,661,1,4,4,At Risk
1050,58,7,65,3,2,2,Needs Attention
5846,68,3,13,2,1,1,Hibernating
1859,34,18,1890,4,4,5,Champions
7503,40,22,2209,3,5,5,Needs Attention
10401,12,3,18,5,1,1,New / Promising
1618,9,19,692,5,4,4,Champions
3332,87,8,165,1,2,2,Hibernating
2261,5,3,16,5,1,1,New / Promising
5346,87,6,79,1,2,2,Hibernating
4119,56,10,318,3,3,3,Needs Attention
535,18,26,778,5,5,4,Champions
5268,95,5,56,1,1,2,Hibernating
273,48,8,151,3,2,2,Needs Attention
4452,3,13,372,5,3,3,Loyal
8504,70,18,1366,2,4,5,At Risk
771,79,9,194,2,2,2,Hibernating
8996,4,17,603,5,4,3,Loyal
9235,45,3,18,3,1,1,Needs Attention
5798,87,14,985,1,3,4,Can't Lose Them
11178,69,4,32,2,1,1,Hibernating
2230,84,7,43,1,2,1,Hibernating
7516,30,5,45,4,1,1,New / Promising
7247,72,17,606,2,4,3,At Risk
11100,37,5,63,4,1,2,New / Promising
4646,44,24,978,3,5,4,Needs Attention
3037,32,14,410,4,3,3,Loyal
1473,0,5,72,5,1,2,New / Promising
1016,43,5,55,3,1,1,Needs Attention
4518,59,25,1169,3,5,4,Needs Attention
9370,68,15,1120,2,3,4,Can't Lose Them
8908,35,19,1097,4,4,4,Champions
8373,94,4,29,1,1,1,Hibernating
7533,15,9,187,5,2,2,New / Promising
2683,56,22,910,3,5,4,Needs Attention
3629,17,7,145,5,2,2,New / Promising
10991,18,13,850,5,3,4,Loyal
5077,46,23,969,3,5,4,Needs Attention
7431,40,16,1820,3,4,5,Needs Attention
3267,27,17,608,4,4,3,Loyal
999,95,24,730,1,5,4,At Risk
9215,19,16,551,5,4,3,Loyal
2286,27,6,114,4,2,2,New / Promising
1592,25,15,1724,4,3,5,Loyal
367,74,15,577,2,3,3,Hibernating
5234,85,5,81,1,1,2,Hibernating
9862,37,5,33,4,1,1,New / Promising
9805,65,18,660,2,4,4,At Risk
6205,13,6,80,5,2,2,New / Promising
8442,63,4,30,2,1,1,Hibernating
7386,83,4,43,1,1,1,Hibernating
7215,69,27,1135,2,5,4,At Risk
1491,87,14,559,1,3,3,Hibernating
11071,37,15,1923,4,3,5,Loyal
3381,51,6,90,3,2,2,Needs Attention
8268,23,14,404,4,3,3,Loyal
11051,72,19,661,2,4,4,At Risk
8026,10,14,463,5,3,3,Loyal
433,42,18,632,3,4,3,Needs Attention
9597,10,18,725,5,4,4,Champions
1295,96,18,725,1,4,4,At Risk
5290,51,11,279,3,3,3,Needs Attention
1685,21,22,1482,4,5,5,Champions
5342,31,4,29,4,1,1,New / Promising
9579,61,6,106,2,2,2,Hibernating
7660,37,4,49,4,1,1,New / Promising
1461,74,5,38,2,1,1,Hibernating
821,46,21,2077,3,5,5,Needs Attention
11084,4,15,1053,5,3,4,Loyal
8690,73,22,1385,2,5,5,At Risk
2937,47,22,871,3,5,4,Needs Attention
9701,13,9,312,5,3,3,Loyal
9949,36,12,877,4,3,4,Loyal
10837,47,5,68,3,1,2,Needs Attention
3120,49,3,22,3,1,1,Needs Attention
5885,94,9,211,1,3,3,Hibernating
4050,65,7,127,2,2,2,Hibernating
3830,59,15,459,2,3,3,Hibernating
7987,96,15,460,1,3,3,Hibernating
7798,28,13,429,4,3,3,Loyal
92,12,7,89,5,2,2,New / Promising
7055,57,24,1021,3,5,4,Needs Attention
10240,10,20,1381,5,4,5,Champions
3025,4,12,306,5,3,3,Loyal
9283,49,3,18,3,1,1,Needs Attention
9970,3,8,162,5,2,2,New / Promising
2730,64,17,1231,2,4,5,At Risk
2795,0,3,13,5,1,1,New / Promising
9260,20,25,1706,4,5,5,Champions
8182,91,7,121,1,2,2,Hibernating
10095,9,19,1293,5,4,5,Champions
8475,98,22,1608,1,5,5,At Risk
4370,83,6,88,1,2,2,Hibernating
10573,27,17,421,4,4,3,Loyal
3712,63,11,259,2,3,3,Hibernating
6637,46,14,1117,3,3,4,Needs Attention
3152,84,6,89,1,2,2,Hibernating
5610,58,4,36,3,1,1,Needs Attention
6460,78,5,57,2,1,2,Hibernating
1349,4,7,148,5,2,2,New / Promising
1880,17,6,93,5,2,2,New / Promising
641,77,6,119,2,2,2,Hibernating
8717,56,27,1835,3,5,5,Needs Attention
10314,79,24,1318,2,5,5,At Risk
10854,90,5,45,1,1,1,Hibernating
10492,96,3,10,1,1,1,Hibernating
6935,44,24,978,3,5,4,Needs Attention
7698,81,9,191,1,3,2,Hibernating
3559,77,6,57,2,2,2,Hibernating
10562,21,23,1033,4,5,4,Champions
10796,16,5,66,5,1,2,New / Promising
2563,80,5,43,1,1,1,Hibernating
3518,45,4,50,3,1,1,Needs Attention
5823,63,5,39,2,1,1,Hibernating
3934,34,16,608,4,4,3,Loyal
6982,14,23,1581,5,5,5,Champions
6431,13,5,68,5,1,2,New / Promising
9733,52,4,80,3,1,2,Needs Attention
5602,98,27,1282,1,5,5,At Risk
7829,99,5,65,1,1,2,Hibernating
1324,93,6,91,1,2,2,Hibernating
326,38,12,315,4,3,3,Loyal
7224,24,4,31,4,1,1,New / Promising
6999,80,22,834,1,5,4,At Risk
9938,82,16,1600,1,4,5,At Risk
6422,20,16,1270,4,4,5,Champions
3182,81,9,263,1,3,3,Hibernating
7300,50,16,535,3,4,3,Needs Attention
10424,60,17,1295,2,4,5,At Risk
8727,63,26,1150,2,5,4,At Risk
2798,54,26,1240,3,5,5,Needs Attention
1030,72,4,38,2,1,1,Hibernating
624,5,3,35,5,1,1,New / Promising
5176,88,4,53,1,1,1,Hibernating
5552,50,11,293,3,3,3,Needs Attention
868,99,5,65,1,1,2,Hibernating
380,17,24,1804,5,5,5,Champions
2677,11,10,241,5,3,3,Loyal
6521,18,19,1101,5,4,4,Champions
6927,70,11,264,2,3,3,Hibernating
2877,21,16,541,4,4,3,Loyal
0,66,16,1198,2,4,5,At Risk
1584,79,14,482,2,3,3,Hibernating
7264,2,3,17,5,1,1,New / Promising
6274,81,24,1615,1,5,5,At Risk
1377,24,10,285,4,3,3,Loyal
454,48,26,1135,3,5,4,Needs Attention
1755,93,6,114,1,2,2,Hibernating
2075,56,15,1047,3,3,4,Needs Attention
4785,3,20,714,5,4,4,Champions
9076,44,9,185,3,3,2,Needs Attention
7079,38,27,1245,4,5,5,Champions
4653,46,8,189,3,2,2,Needs Attention
7375,84,14,576,1,3,3,Hibernating
709,27,15,1103,4,3,4,Loyal
460,72,16,1753,2,4,5,At Risk
3726,66,3,17,2,1,1,Hibernating
6798,30,14,433,4,3,3,Loyal
5341,2,13,1588,5,3,5,Loyal
1606,65,3,22,2,1,1,Hibernating
9617,37,4,19,4,1,1,New / Promising
3233,89,26,1117,1,5,4,At Risk
89,49,6,69,3,2,2,Needs Attention
2936,46,4,23,3,1,1,Needs Attention
9449,32,18,605,4,4,3,Loyal
7297,54,7,57,3,2,2,Needs Attention
11004,23,3,22,4,1,1,New / Promising
313,98,21,2088,1,5,5,At Risk
9940,97,14,1009,1,3,4,Can't Lose Them
10735,75,4,26,2,1,1,Hibernating
9529,8,21,1627,5,5,5,Champions
6439,37,24,1102,4,5,4,Champions
7411,31,4,17,4,1,1,New / Promising
2176,40,14,1690,3,3,5,Needs Attention
9265,74,19,1390,2,4,5,At Risk
8867,90,19,2126,1,4,5,At Risk
8932,57,21,1531,3,5,5,Needs Attention
10236,59,5,64,2,1,2,Hibernating
6340,52,4,26,3,1,1,Needs Attention
10089,5,28,1112,5,5,4,Champions
2227,92,9,210,1,3,3,Hibernating
10992,77,21,1148,2,5,4,At Risk
5304,35,4,33,4,1,1,New / Promising
309,48,16,1101,3,4,4,Needs Attention
3406,97,12,322,1,3,3,Hibernating
2661,95,6,44,1,2,1,Hibernating
3153,24,3,17,4,1,1,New / Promising
10264,60,4,31,2,1,1,Hibernating
1184,46,22,845,3,5,4,Needs Attention
4200,85,11,275,1,3,3,Hibernating
9396,31,3,25,4,1,1,New / Promising
2387,9,11,275,5,3,3,Loyal
6690,30,7,90,4,2,2,New / Promising
1225,47,18,1495,3,4,5,Needs Attention
9703,70,7,184,2,2,2,Hibernating
291,13,12,981,5,3,4,Loyal
4557,11,6,67,5,2,2,New / Promising
2379,31,12,1635,4,3,5,Loyal
5726,15,7,60,5,2,2,New / Promising
3066,2,10,231,5,3,3,Loyal
6336,55,6,48,3,2,1,Needs Attention
10967,38,6,99,4,2,2,New / Promising
2304,86,21,770,1,5,4,At Risk
3445,56,21,957,3,5,4,Needs Attention
7828,29,11,818,4,3,4,Loyal
3762,30,16,925,4,4,4,Champions
4391,64,21,908,2,5,4,At Risk
4669,46,7,102,3,2,2,Needs Attention
10144,84,14,576,1,3,3,Hibernating
8652,20,11,317,4,3,3,Loyal
1672,74,14,461,2,3,3,Hibernating
8962,18,5,37,5,1,1,New / Promising
9974,75,6,70,2,2,2,Hibernating
10983,17,22,930,5,5,4,Champions
8148,88,20,859,1,4,4,At Risk
10102,19,21,1478,5,5,5,Champions
4697,62,13,390,2,3,3,Hibernating
9262,11,4,52,5,1,1,New / Promising
7254,74,7,137,2,2,2,Hibernating
4543,32,18,1919,4,4,5,Champions
4927,76,6,68,2,2,2,Hibernating
10451,6,3,25,5,1,1,New / Promising
2926,62,20,1374,2,4,5,At Risk
2874,20,4,32,4,1,1,New / Promising
9738,43,6,100,3,2,2,Needs Attention
7119,45,11,825,3,3,4,Needs Attention
3924,34,23,916,4,5,4,Champions
5827,53,7,62,3,2,2,Needs Attention
5596,44,20,728,3,4,4,Needs Attention
10812,89,6,90,1,2,2,Hibernating
1717,43,10,273,3,3,3,Needs Attention
9491,68,7,66,2,2,2,Hibernating
9274,44,22,1213,3,5,5,Needs Attention
6609,64,6,107,2,2,2,Hibernating
6963,85,17,1157,1,4,4,At Risk
4440,93,17,546,1,4,3,At Risk
1379,12,10,241,5,3,3,Loyal
10032,86,7,53,1,2,1,Hibernating
2826,28,5,37,4,1,1,New / Promising
2437,69,23,1611,2,5,5,At Risk
6320,42,22,1508,3,5,5,Needs Attention
3050,13,10,235,5,3,3,Loyal
231,86,5,32,1,1,1,Hibernating
2392,59,6,102,2,2,2,Hibernating
9478,30,13,401,4,3,3,Loyal
113,33,4,28,4,1,1,New / Promising
2863,67,15,1052,2,3,4,Can't Lose Them
1802,23,18,680,4,4,4,Champions
520,81,3,30,1,1,1,Hibernating
8275,6,3,20,5,1,1,New / Promising
9750,41,18,1307,3,4,5,Needs Attention
2607,78,18,630,2,4,3,At Risk
7214,49,17,1283,3,4,5,Needs Attention
5835,39,6,65,4,2,2,New / Promising
3896,3,4,37,5,1,1,New / Promising
10350,37,4,38,4,1,1,New / Promising
7786,22,8,160,4,2,2,New / Promising
2861,79,3,23,2,1,1,Hibernating
663,46,5,71,3,1,2,Needs Attention
10675,82,17,1161,1,4,4,At Risk
2521,10,4,59,5,1,2,New / Promising
9592,51,5,33,3,1,1,Needs Attention
10151,38,21,946,4,5,4,Champions
7381,10,21,1442,5,5,5,Champions
4099,14,4,62,5,1,2,New / Promising
9560,18,21,1674,5,5,5,Champions
1150,36,14,1853,4,3,5,Loyal
10172,95,20,1538,1,4,5,At Risk
11191,11,7,139,5,2,2,New / Promising
9707,65,17,1182,2,4,5,At Risk
6245,71,16,507,2,4,3,At Risk
8234,13,3,18,5,1,1,New / Promising
1411,58,15,940,3,3,4,Needs Attention
8553,65,4,42,2,1,1,Hibernating
1826,0,14,1190,5,3,5,Loyal
8842,33,5,44,4,1,1,New / Promising
11030,90,3,16,1,1,1,Hibernating
2579,95,22,835,1,5,4,At Risk
175,93,20,1443,1,4,5,At Risk
9185,38,15,1029,4,3,4,Loyal
11056,18,17,1188,5,4,5,Champions
9365,57,19,1277,3,4,5,Needs Attention
6201,45,5,49,3,1,1,Needs Attention
2061,61,6,99,2,2,2,Hibernating
6184,6,14,1670,5,3,5,Loyal
6142,65,13,900,2,3,4,Can't Lose Them
4107,52,14,425,3,3,3,Needs Attention
7274,87,21,2153,1,5,5,At Risk
9336,38,18,636,4,4,4,Champions
2958,53,7,57,3,2,2,Needs Attention
933,31,3,25,4,1,1,New / Promising
5837,67,15,494,2,3,3,Hibernating
10704,65,17,693,2,4,4,At Risk
5125,64,25,1348,2,5,5,At Risk
4432,82,5,51,1,1,1,Hibernating
5955,27,15,1932,4,3,5,Loyal
2928,63,14,990,2,3,4,Can't Lose Them
5680,66,4,30,2,1,1,Hibernating
10313,69,10,254,2,3,3,Hibernating
2557,52,4,29,3,1,1,Needs Attention
1245,45,19,1371,3,4,5,Needs Attention
1519,2,6,73,5,2,2,New / Promising
10703,86,7,120,1,2,2,Hibernating
1726,23,4,81,4,1,2,New / Promising
4459,13,4,37,5,1,1,New / Promising
1729,14,18,1377,5,4,5,Champions
1517,92,4,51,1,1,1,Hibernating
2098,38,3,17,4,1,1,New / Promising
9543,74,3,22,2,1,1,Hibernating
6878,14,11,324,5,3,3,Loyal
3310,94,9,211,1,3,3,Hibernating
2724,33,3,19,4,1,1,New / Promising
948,32,5,41,4,1,1,New / Promising
6720,11,14,492,5,3,3,Loyal
6202,78,22,1005,2,5,4,At Risk
2066,56,6,114,3,2,2,Needs Attention
9799,57,16,1173,3,4,4,Needs Attention
8318,7,19,1738,5,4,5,Champions
5642,0,10,222,5,3,3,Loyal
2669,66,15,1127,2,3,4,Can't Lose Them
455,86,9,209,1,3,3,Hibernating
7683,80,20,787,1,4,4,At Risk
3428,56,23,1598,3,5,5,Needs Attention
7414,18,8,186,5,2,2,New / Promising
6354,51,4,47,3,1,1,Needs Attention
798,71,4,27,2,1,1,Hibernating
8213,71,7,96,2,2,2,Hibernating
2488,80,6,64,1,2,2,Hibernating
9999,2,22,1040,5,5,4,Champions
7617,83,8,163,1,2,2,Hibernating
615,29,10,343,4,3,3,Loyal
2552,11,15,446,5,3,3,Loyal
194,55,4,41,3,1,1,Needs Attention
3645,19,6,70,5,2,2,New / Promising
8890,1,11,272,5,3,3,Loyal
5049,19,5,46,5,1,1,New / Promising
9973,28,16,490,4,4,3,Loyal
7301,76,6,79,2,2,2,Hibernating
10882,50,13,915,3,3,4,Needs Attention
7030,1,32,1485,5,5,5,Champions
7422,90,13,369,1,3,3,Hibernating
3523,83,17,1073,1,4,4,At Risk
7106,73,18,1242,2,4,5,At Risk
6504,24,6,78,4,2,2,New / Promising
5067,11,20,1378,5,4,5,Champions
4216,33,25,1474,4,5,5,Champions
8581,4,20,751,5,4,4,Champions
5929,14,5,48,5,1,1,New / Promising
3129,30,5,45,4,1,1,New / Promising
6528,75,3,10,2,1,1,Hibernating
1361,26,15,1435,4,3,5,Loyal
6932,77,22,2119,2,5,5,At Risk
7284,8,3,20,5,1,1,New / Promising
1340,42,26,1795,3,5,5,Needs Attention
8746,28,17,1188,4,4,5,Champions
5987,52,5,43,3,1,1,Needs Attention
3767,1,22,1008,5,5,4,Champions
3725,1,15,1688,5,3,5,Loyal
4324,42,16,684,3,4,4,Needs Attention
238,76,24,1082,2,5,4,At Risk
6694,27,24,1068,4,5,4,Champions
498,28,5,57,4,1,2,New / Promising
9347,49,4,46,3,1,1,Needs Attention
9699,12,20,733,5,4,4,Champions
10664,14,15,467,5,3,3,Loyal
5455,89,7,122,1,2,2,Hibernating
456,96,5,36,1,1,1,Hibernating
5012,56,4,34,3,1,1,Needs Attention
7495,72,8,156,2,2,2,Hibernating
5029,14,3,14,5,1,1,New / Promising
10642,13,4,37,5,1,1,New / Promising
2106,99,4,34,1,1,1,Hibernating
10364,72,3,20,2,1,1,Hibernating
5954,92,9,192,1,3,2,Hibernating
1137,87,16,1379,1,4,5,At Risk
2541,7,5,48,5,1,1,New / Promising
1142,91,14,428,1,3,3,Hibernating
2276,71,22,868,2,5,4,At Risk
2807,24,24,1001,4,5,4,Champions
6471,17,6,59,5,2,2,New / Promising
6131,87,14,431,1,3,3,Hibernating
6233,21,24,971,4,5,4,Champions
4148,90,12,348,1,3,3,Hibernating
4947,44,23,2059,3,5,5,Needs Attention
3225,71,10,265,2,3,3,Hibernating
7540,52,11,270,3,3,3,Needs Attention
10648,78,18,1289,2,4,5,At Risk
1992,2,12,893,5,3,4,Loyal
7851,60,21,926,2,5,4,At Risk
8594,25,7,135,4,2,2,New / Promising
7059,47,18,1495,3,4,5,Needs Attention
2815,46,7,120,3,2,2,Needs Attention
2416,83,19,1288,1,4,5,At Risk
7999,17,16,1743,5,4,5,Champions
9213,13,3,15,5,1,1,New / Promising
9697,86,17,542,1,4,3,At Risk
3916,92,22,890,1,5,4,At Risk
2021,47,29,1388,3,5,5,Needs Attention
1581,18,3,17,5,1,1,New / Promising
564,81,23,906,1,5,4,At Risk
6619,91,4,44,1,1,1,Hibernating
9081,58,4,25,3,1,1,Needs Attention
178,40,22,973,3,5,4,Needs Attention
916,67,4,31,2,1,1,Hibernating
5512,19,16,518,5,4,3,Loyal
8970,93,15,530,1,3,3,Hibernating
10581,41,14,506,3,3,3,Needs Attention
5300,60,5,70,2,1,2,Hibernating
5154,54,5,54,3,1,1,Needs Attention
8346,26,10,296,4,3,3,Loyal
1676,30,11,266,4,3,3,Loyal
9286,93,18,747,1,4,4,At Risk
2426,35,28,895,4,5,4,Champions
5172,4,15,1053,5,3,4,Loyal
5562,92,19,735,1,4,4,At Risk
3436,24,4,20,4,1,1,New / Promising
3921,96,9,205,1,3,3,Hibernating
3403,11,19,2092,5,4,5,Champions
22,99,12,309,1,3,3,Hibernating
10965,72,21,1722,2,5,5,At Risk
9426,77,11,900,2,3,4,Can't Lose Them
6605,85,19,682,1,4,4,At Risk
3136,88,19,663,1,4,4,At Risk
8737,22,5,43,4,1,1,New / Promising
11088,83,17,1816,1,4,5,At Risk
716,63,24,976,2,5,4,At Risk
466,9,20,746,5,4,4,Champions
9135,92,4,64,1,1,2,Hibernating
10623,2,4,32,5,1,1,New / Promising
8151,6,8,263,5,2,3,New / Promising
5140,66,19,1445,2,4,5,At Risk
10160,49,4,46,3,1,1,Needs Attention
4945,29,26,1210,4,5,5,Champions
10584,77,23,945,2,5,4,At Risk
6071,77,21,1157,2,5,4,At Risk
3386,71,7,137,2,2,2,Hibernating
8939,49,19,730,3,4,4,Needs Attention
9925,97,9,216,1,3,3,Hibernating
4320,6,22,943,5,5,4,Champions
5389,93,13,347,1,3,3,Hibernating
6036,78,18,1924,2,4,5,At Risk
182,62,13,397,2,3,3,Hibernating
203,47,21,2089,3,5,5,Needs Attention
11025,9,7,138,5,2,2,New / Promising
10203,77,4,42,2,1,1,Hibernating
4607,24,16,777,4,4,4,Champions
3711,19,19,1902,5,4,5,Champions
3696,67,5,52,2,1,1,Hibernating
2532,95,12,1651,1,3,5,Can't Lose Them
9214,48,12,358,3,3,3,Needs Attention
4943,73,15,1727,2,3,5,Can't Lose Them
35,35,7,210,4,2,3,New / Promising
2258,76,4,42,2,1,1,Hibernating
4322,20,19,1291,4,4,5,Champions
713,72,14,442,2,3,3,Hibernating
4702,20,16,1895,4,4,5,Champions
3281,69,13,411,2,3,3,Hibernating
702,80,15,521,1,3,3,Hibernating
2004,65,16,1168,2,4,4,At Risk
4769,52,16,493,3,4,3,Needs Attention
4437,65,10,260,2,3,3,Hibernating
8724,57,5,46,3,1,1,Needs Attention
10741,70,12,319,2,3,3,Hibernating
1991,0,6,96,5,2,2,New / Promising
6931,19,15,1062,5,3,4,Loyal
11096,50,10,232,3,3,3,Needs Attention
304,67,6,76,2,2,2,Hibernating
3665,46,6,54,3,2,1,Needs Attention
10591,37,9,201,4,3,3,Loyal
5036,38,12,406,4,3,3,Loyal
5547,9,19,1919,5,4,5,Champions
7822,56,18,662,3,4,4,Needs Attention
8541,98,6,41,1,2,1,Hibernating
10955,68,13,1600,2,3,5,Can't Lose Them
4368,72,7,134,2,2,2,Hibernating
9671,47,6,69,3,2,2,Needs Attention
2256,33,4,21,4,1,1,New / Promising
4279,87,5,54,1,1,1,Hibernating
5371,0,6,91,5,2,2,New / Promising
9240,73,16,526,2,4,3,At Risk
9460,74,7,162,2,2,2,Hibernating
9504,4,24,1008,5,5,4,Champions
8692,50,10,240,3,3,3,Needs Attention
448,57,19,795,3,4,4,Needs Attention
8314,30,18,1772,4,4,5,Champions
8420,27,6,64,4,2,2,New / Promising
3174,61,19,1957,2,4,5,At Risk
7685,4,6,78,5,2,2,New / Promising
3179,75,19,1572,2,4,5,At Risk
9780,12,24,795,5,5,4,Champions
10681,13,21,889,5,5,4,Champions
10232,9,12,331,5,3,3,Loyal
4184,48,10,265,3,3,3,Needs Attention
9120,80,15,1065,1,3,4,Can't Lose Them
891,60,3,11,2,1,1,Hibernating
10381,43,3,21,3,1,1,Needs Attention
3525,19,3,17,5,1,1,New / Promising
6818,26,11,369,4,3,3,Loyal
3526,58,4,38,3,1,1,Needs Attention
8181,42,8,177,3,2,2,Needs Attention
1029,27,11,279,4,3,3,Loyal
7369,56,5,62,3,1,2,Needs Attention
2574,27,18,1230,4,4,5,Champions
8159,10,8,182,5,2,2,New / Promising
1160,48,6,49,3,2,1,Needs Attention
10242,39,6,75,4,2,2,New / Promising
5253,85,10,227,1,3,3,Hibernating
5966,64,10,215,2,3,3,Hibernating
5314,69,13,444,2,3,3,Hibernating
5081,54,4,47,3,1,1,Needs Attention
5123,57,6,143,3,2,2,Needs Attention
5756,64,5,55,2,1,1,Hibernating
8036,10,7,63,5,2,2,New / Promising
9058,65,21,1867,2,5,5,At Risk
5057,74,18,611,2,4,3,At Risk
254,4,15,473,5,3,3,Loyal
4179,94,5,55,1,1,1,Hibernating
3710,41,5,81,3,1,2,Needs Attention
7627,25,21,2086,4,5,5,Champions
4501,94,19,1478,1,4,5,At Risk
6424,9,4,49,5,1,1,New / Promising
3075,47,14,382,3,3,3,Needs Attention
4992,12,6,69,5,2,2,New / Promising
5252,80,5,67,1,1,2,Hibernating
7444,20,4,30,4,1,1,New / Promising
6919,39,6,63,4,2,2,New / Promising
3537,57,7,79,3,2,2,Needs Attention
10277,27,4,42,4,1,1,New / Promising
2453,83,20,819,1,4,4,At Risk
7972,79,16,1151,2,4,4,At Risk
895,69,17,594,2,4,3,At Risk
1177,77,7,129,2,2,2,Hibernating
7141,15,8,213,5,2,3,New / Promising
7232,99,5,67,1,1,2,Hibernating
8477,61,4,28,2,1,1,Hibernating
2457,23,4,45,4,1,1,New / Promising
988,84,17,1193,1,4,5,At Risk
7930,74,10,268,2,3,3,Hibernating
4587,90,11,266,1,3,3,Hibernating
6682,41,4,37,3,1,1,Needs Attention
6222,28,5,37,4,1,1,New / Promising
10299,73,22,882,2,5,4,At Risk
3083,88,13,373,1,3,3,Hibernating
8953,94,4,35,1,1,1,Hibernating
1503,31,1,107,4,1,2,New / Promising
8650,31,4,42,4,1,1,New / Promising
10862,6,12,326,5,3,3,Loyal
2782,23,14,404,4,3,3,Loyal
6941,92,5,95,1,1,2,Hibernating
10972,52,13,939,3,3,4,Needs Attention
10708,50,4,33,3,1,1,Needs Attention
6583,54,20,981,3,4,4,Needs Attention
3641,93,5,36,1,1,1,Hibernating
10156,56,19,1237,3,4,5,Needs Attention
4299,28,27,1825,4,5,5,Champions
3469,94,6,103,1,2,2,Hibernating
5063,76,9,191,2,3,2,Hibernating
10727,43,23,1586,3,5,5,Needs Attention
9624,46,13,963,3,3,4,Needs Attention
5156,13,21,889,5,5,4,Champions
4376,27,6,93,4,2,2,New / Promising
8923,12,20,1587,5,4,5,Champions
8461,3,3,16,5,1,1,New / Promising
6945,72,31,1375,2,5,5,At Risk
944,6,13,393,5,3,3,Loyal
1907,53,21,1477,3,5,5,Needs Attention
701,58,16,1179,3,4,5,Needs Attention
3856,78,22,1005,2,5,4,At Risk
4149,57,20,1348,3,4,5,Needs Attention
2131,37,19,1307,4,4,5,Champions
2942,20,13,486,4,3,3,Loyal
1173,73,12,2252,2,3,5,Can't Lose Them
4381,56,10,235,3,3,3,Needs Attention
4611,36,30,1724,4,5,5,Champions
3376,9,10,235,5,3,3,Loyal
4679,42,25,1092,3,5,4,Needs Attention
10928,28,15,599,4,3,3,Loyal
4248,23,19,2008,4,4,5,Champions
6728,38,4,48,4,1,1,New / Promising
6661,63,27,1174,2,5,4,At Risk
4725,71,6,67,2,2,2,Hibernating
3277,9,13,365,5,3,3,Loyal
5555,81,0,6,1,1,1,Hibernating
2564,87,8,165,1,2,2,Hibernating
946,92,9,210,1,3,3,Hibernating
3867,36,25,1095,4,5,4,Champions
6940,86,8,223,1,2,3,Hibernating
55,83,18,597,1,4,3,At Risk
7093,74,3,22,2,1,1,Hibernating
5084,87,23,1064,1,5,4,At Risk
1777,29,5,74,4,1,2,New / Promising
8162,88,4,26,1,1,1,Hibernating
10826,77,4,60,2,1,2,Hibernating
8754,25,3,20,4,1,1,New / Promising
1987,34,5,59,4,1,2,New / Promising
11007,43,4,34,3,1,1,Needs Attention
7426,76,9,198,2,3,3,Hibernating
9153,81,25,1048,1,5,4,At Risk
10379,87,16,574,1,4,3,At Risk
9204,33,13,1029,4,3,4,Loyal
3197,38,18,670,4,4,4,Champions
2920,63,14,990,2,3,4,Can't Lose Them
6961,26,3,11,4,1,1,New / Promising
4673,17,18,1241,5,4,5,Champions
9937,75,16,576,2,4,3,At Risk
8779,13,8,172,5,2,2,New / Promising
9596,19,19,664,5,4,4,Champions
2891,51,21,928,3,5,4,Needs Attention
4910,81,29,2074,1,5,5,At Risk
75,32,14,467,4,3,3,Loyal
10120,84,10,257,1,3,3,Hibernating
6327,87,16,1146,1,4,4,At Risk
10142,99,18,689,1,4,4,At Risk
9826,96,21,2114,1,5,5,At Risk
1501,21,29,1717,4,5,5,Champions
10767,40,20,1346,3,4,5,Needs Attention
7279,3,14,1044,5,3,4,Loyal
7230,98,16,493,1,4,3,At Risk
143,73,12,957,2,3,4,Can't Lose Them
450,90,9,270,1,3,3,Hibernating
9316,29,4,29,4,1,1,New / Promising
6379,3,6,121,5,2,2,New / Promising
9239,94,7,126,1,2,2,Hibernating
8315,65,3,23,2,1,1,Hibernating
2868,33,5,57,4,1,2,New / Promising
10888,46,18,636,3,4,4,Needs Attention
1277,29,27,1004,4,5,4,Champions
9977,99,17,734,1,4,4,At Risk
10196,26,18,614,4,4,3,Loyal
6384,30,18,1453,4,4,5,Champions
8029,27,14,1621,4,3,5,Loyal
968,24,9,187,4,3,2,Loyal
6988,93,20,1443,1,5,5,At Risk
4472,34,5,57,4,1,2,New / Promising
6991,88,18,637,1,4,4,At Risk
3336,96,11,948,1,3,4,Can't Lose Them
4301,10,4,59,5,1,2,New / Promising
1940,26,3,18,4,1,1,New / Promising
1272,49,22,903,3,5,4,Needs Attention
1388,11,6,112,5,2,2,New / Promising
1044,44,17,596,3,4,3,Needs Attention
6969,75,10,233,2,3,3,Hibernating
10479,64,10,1511,2,3,5,Can't Lose Them
3619,19,16,1152,5,4,4,Champions
1715,45,5,48,3,1,1,Needs Attention
10159,77,25,1185,2,5,5,At Risk
1463,9,3,21,5,1,1,New / Promising
5114,1,14,965,5,3,4,Loyal
4990,90,20,869,1,5,4,At Risk
4329,43,4,16,3,1,1,Needs Attention
10936,79,15,1947,2,3,5,Can't Lose Them
4692,19,7,71,5,2,2,New / Promising
7212,99,5,65,1,1,2,Hibernating
6086,62,23,1380,2,5,5,At Risk
437,41,22,1027,3,5,4,Needs Attention
11171,60,14,411,2,3,3,Hibernating
11101,17,25,836,5,5,4,Champions
5329,24,3,11,4,1,1,New / Promising
610,60,15,480,2,3,3,Hibernating
9384,57,16,606,3,4,3,Needs Attention
5956,74,11,284,2,3,3,Hibernating
10430,22,11,1472,4,3,5,Loyal
7875,46,25,1677,3,5,5,Needs Attention
7072,69,17,1335,2,4,5,At Risk
6255,29,12,334,4,3,3,Loyal
6516,37,3,18,4,1,1,New / Promising
5564,26,18,1338,4,4,5,Champions
5682,8,26,1099,5,5,4,Champions
7458,26,6,97,4,2,2,New / Promising
5237,79,6,63,2,2,2,Hibernating
7761,71,7,109,2,2,2,Hibernating
5278,83,20,902,1,5,4,At Risk
3560,57,19,1574,3,4,5,Needs Attention
7235,37,6,38,4,2,1,New / Promising
10548,30,23,960,4,5,4,Champions
2281,34,3,28,4,1,1,New / Promising
4073,0,27,1215,5,5,5,Champions
6974,89,21,1497,1,5,5,At Risk
7938,92,15,449,1,3,3,Hibernating
7094,87,23,1064,1,5,4,At Risk
3667,20,24,1757,4,5,5,Champions
7723,56,20,1440,3,5,5,Needs Attention
3870,28,23,1006,4,5,4,Champions
4012,55,18,1226,3,4,5,Needs Attention
5909,25,15,1171,4,3,4,Loyal
10470,0,6,92,5,2,2,New / Promising
6488,86,7,99,1,2,2,Hibernating
10270,8,6,66,5,2,2,New / Promising
6887,33,17,564,4,4,3,Loyal
6406,13,20,1427,5,5,5,Champions
7573,12,5,86,5,1,2,New / Promising
4508,92,18,833,1,4,4,At Risk
221,90,9,242,1,3,3,Hibernating
5331,8,16,1869,5,4,5,Champions
1911,6,28,1364,5,5,5,Champions
20,91,7,183,1,2,2,Hibernating
8786,52,14,450,3,3,3,Needs Attention
10582,3,19,758,5,4,4,Champions
1915,57,19,1507,3,4,5,Needs Attention
8897,9,17,654,5,4,4,Champions
2371,22,6,81,4,2,2,New / Promising
4303,76,1,137,2,1,2,Hibernating
6825,86,3,16,1,1,1,Hibernating
1072,64,6,93,2,2,2,Hibernating
4964,90,17,1158,1,4,4,At Risk
2461,79,4,43,2,1,1,Hibernating
10736,28,20,1525,4,5,5,Champions
3194,86,18,1230,1,4,5,At Risk
10839,42,4,29,3,1,1,Needs Attention
49,39,4,25,4,1,1,New / Promising
4290,8,3,24,5,1,1,New / Promising
10219,40,4,38,3,1,1,Needs Attention
4211,5,5,57,5,1,2,New / Promising
1135,96,7,47,1,2,1,Hibernating
6299,28,18,813,4,4,4,Champions
10846,22,16,629,4,4,3,Loyal
347,30,13,377,4,3,3,Loyal
6543,45,13,1612,3,3,5,Needs Attention
10446,58,16,729,3,4,4,Needs Attention
3479,49,5,50,3,1,1,Needs Attention
11075,37,11,270,4,3,3,Loyal
4442,70,7,177,2,2,2,Hibernating
199,33,12,315,4,3,3,Loyal
6722,98,20,767,1,5,4,At Risk
796,17,23,1071,5,5,4,Champions
3749,54,23,1580,3,5,5,Needs Attention
8523,39,7,60,4,2,2,New / Promising
310,81,17,573,1,4,3,At Risk
8629,71,4,41,2,1,1,Hibernating
236,62,7,170,2,2,2,Hibernating
9930,8,27,1167,5,5,4,Champions
3483,76,22,1526,2,5,5,At Risk
4599,66,15,458,2,3,3,Hibernating
7326,83,5,63,1,1,2,Hibernating
7352,28,13,405,4,3,3,Loyal
2350,87,13,1027,1,3,4,Can't Lose Them
9145,43,20,1478,3,5,5,Needs Attention
2964,0,4,72,5,1,2,New / Promising
5585,1,5,48,5,1,1,New / Promising
9687,1,15,726,5,4,4,Champions
3732,72,21,860,2,5,4,At Risk
6303,72,22,1497,2,5,5,At Risk
11176,12,16,495,5,4,3,Loyal
2986,89,3,20,1,1,1,Hibernating
7462,67,16,570,2,4,3,At Risk
3900,54,20,769,3,5,4,Needs Attention
7034,34,5,55,4,1,1,New / Promising
9493,15,17,1808,5,4,5,Champions
1143,43,5,55,3,1,1,Needs Attention
1,0,17,577,5,4,3,Loyal
3855,74,7,162,2,2,2,Hibernating
5536,61,19,1957,2,4,5,At Risk
5989,51,23,1576,3,5,5,Needs Attention
9499,97,14,1616,1,3,5,Can't Lose Them
6768,75,4,36,2,1,1,Hibernating
2150,83,21,1482,1,5,5,At Risk
6646,23,4,22,4,1,1,New / Promising
4887,65,5,63,2,1,2,Hibernating
8560,94,17,680,1,4,4,At Risk
3321,42,17,542,3,4,3,Needs Attention
11003,10,5,50,5,1,1,New / Promising
10402,94,4,39,1,1,1,Hibernating
9904,50,23,1043,3,5,4,Needs Attention
6141,46,12,385,3,3,3,Needs Attention
5687,98,26,1633,1,5,5,At Risk
10856,42,4,46,3,1,1,Needs Attention
5121,30,18,761,4,4,4,Champions
4186,11,6,76,5,2,2,New / Promising
368,61,11,290,2,3,3,Hibernating
3312,12,7,89,5,2,2,New / Promising
11121,76,7,70,2,2,2,Hibernating
5332,2,16,1066,5,4,4,Champions
5848,43,18,2009,3,4,5,Needs Attention
10343,27,17,1345,4,4,5,Champions
5935,60,20,764,2,5,4,At Risk
2895,79,9,195,2,3,3,Hibernating
10262,96,7,53,1,2,1,Hibernating
7848,17,11,368,5,3,3,Loyal
9477,0,17,544,5,4,3,Loyal
4856,38,24,1853,4,5,5,Champions
7186,43,4,35,3,1,1,Needs Attention
5794,1,15,446,5,4,3,Loyal
1456,25,24,1180,4,5,5,Champions
4877,2,4,41,5,1,1,New / Promising
425,66,19,727,2,4,4,At Risk
3007,49,4,40,3,1,1,Needs Attention
1031,5,25,1062,5,5,4,Champions
4297,71,5,40,2,1,1,Hibernating
807,35,11,292,4,3,3,Loyal
9553,94,3,15,1,1,1,Hibernating
4271,80,11,341,1,3,3,Hibernating
4120,61,11,369,2,3,3,Hibernating
2036,29,14,401,4,3,3,Loyal
115,0,14,393,5,3,3,Loyal
4259,80,3,10,1,1,1,Hibernating
8687,54,13,486,3,3,3,Needs Attention
2447,71,5,69,2,1,2,Hibernating
10140,27,16,1727,4,4,5,Champions
9353,61,14,995,2,3,4,Can't Lose Them
3623,55,7,45,3,2,1,Needs Attention
738,35,8,182,4,2,2,New / Promising
7631,34,22,989,4,5,4,Champions
4789,95,17,1677,1,4,5,At Risk
773,64,16,595,2,4,3,At Risk
10602,30,7,156,4,2,2,New / Promising
1446,12,27,1226,5,5,5,Champions
3270,96,7,128,1,2,2,Hibernating
8443,16,6,86,5,2,2,New / Promising
9653,16,5,68,5,1,2,New / Promising
8916,78,3,16,2,1,1,Hibernating
8017,83,5,55,1,1,1,Hibernating
5830,96,21,2114,1,5,5,At Risk
4597,67,18,2018,2,4,5,At Risk
7023,87,11,263,1,3,3,Hibernating
8086,34,5,55,4,1,1,New / Promising
8825,46,16,564,3,4,3,Needs Attention
2930,7,18,1281,5,4,5,Champions
1928,73,5,83,2,1,2,Hibernating
7108,54,12,353,3,3,3,Needs Attention
10925,93,24,1003,1,5,4,At Risk
9960,52,3,14,3,1,1,Needs Attention
8800,53,22,902,3,5,4,Needs Attention
9224,81,23,1139,1,5,4,At Risk
5519,8,19,797,5,4,4,Champions
5046,97,23,1638,1,5,5,At Risk
7037,50,14,401,3,3,3,Needs Attention
905,38,7,84,4,2,2,New / Promising
8624,61,17,928,2,4,4,At Risk
8945,46,9,203,3,3,3,Needs Attention
6445,73,15,858,2,4,4,At Risk
2727,19,12,409,5,3,3,Loyal
6404,10,11,282,5,3,3,Loyal
11074,94,17,1423,1,4,5,At Risk
10150,10,18,1449,5,4,5,Champions
1968,37,3,28,4,1,1,New / Promising
6534,94,5,67,1,1,2,Hibernating
9485,23,9,199,4,3,3,Loyal
7053,75,21,1453,2,5,5,At Risk
4654,40,18,1253,3,4,5,Needs Attention
9760,24,25,1198,4,5,5,Champions
1048,11,8,178,5,2,2,New / Promising
10619,29,17,1990,4,4,5,Champions
9308,51,13,976,3,3,4,Needs Attention
10505,86,14,1001,1,3,4,Can't Lose Them
8362,9,19,1919,5,4,5,Champions
2625,30,12,350,4,3,3,Loyal
4637,73,24,1650,2,5,5,At Risk
9972,25,4,46,4,1,1,New / Promising
4483,67,18,1228,2,4,5,At Risk
4487,67,6,95,2,2,2,Hibernating
4988,58,6,62,3,2,2,Needs Attention
8931,82,25,1761,1,5,5,At Risk
5871,98,13,467,1,3,3,Hibernating
2008,93,18,1149,1,4,4,At Risk
3139,53,18,2052,3,4,5,Needs Attention
10037,66,15,1127,2,4,4,At Risk
10673,6,20,1416,5,5,5,Champions
5303,42,19,1113,3,4,4,Needs Attention
538,78,6,125,2,2,2,Hibernating
7922,29,23,966,4,5,4,Champions
5692,82,4,32,1,1,1,Hibernating
4843,92,18,833,1,4,4,At Risk
6383,78,6,46,2,2,1,Hibernating
1628,54,16,960,3,4,4,Needs Attention
1204,45,27,1829,3,5,5,Needs Attention
3673,59,23,779,2,5,4,At Risk
760,8,21,811,5,5,4,Champions
8957,51,14,1120,3,3,4,Needs Attention
4128,51,18,725,3,4,4,Needs Attention
6810,76,11,1187,2,3,5,Can't Lose Them
5386,62,18,2302,2,4,5,At Risk
8700,86,6,66,1,2,2,Hibernating
3202,60,18,1250,2,4,5,At Risk
1328,56,17,683,3,4,4,Needs Attention
8405,83,11,305,1,3,3,Hibernating
6515,92,5,50,1,1,1,Hibernating
2882,31,14,995,4,3,4,Loyal
7574,80,5,41,1,1,1,Hibernating
6387,39,6,77,4,2,2,New / Promising
5320,20,8,171,4,2,2,New / Promising
5048,53,6,131,3,2,2,Needs Attention
8146,84,4,54,1,1,1,Hibernating
10031,50,7,53,3,2,1,Needs Attention
5748,96,13,475,1,3,3,Hibernating
2134,94,18,694,1,4,4,At Risk
1523,25,6,96,4,2,2,New / Promising
9665,48,12,361,3,3,3,Needs Attention
4640,65,24,1079,2,5,4,At Risk
3635,69,17,578,2,4,3,At Risk
3547,12,5,64,5,1,2,New / Promising
2456,84,8,149,1,2,2,Hibernating
5633,47,10,231,3,3,3,Needs Attention
7801,87,18,728,1,4,4,At Risk
10489,35,22,1778,4,5,5,Champions
7011,47,7,93,3,2,2,Needs Attention
2620,48,3,23,3,1,1,Needs Attention
3933,46,18,662,3,4,4,Needs Attention
10981,27,17,1198,4,4,5,Champions
1734,37,7,81,4,2,2,New / Promising
10995,8,7,92,5,2,2,New / Promising
6357,29,15,491,4,4,3,Loyal
9209,85,23,1564,1,5,5,At Risk
10286,2,23,926,5,5,4,Champions
2611,66,18,1910,2,4,5,At Risk
1600,60,14,411,2,3,3,Hibernating
3308,54,6,94,3,2,2,Needs Attention
5407,70,23,1085,2,5,4,At Risk
2166,55,3,23,3,1,1,Needs Attention
3955,20,0,6,4,1,1,New / Promising
6634,78,5,54,2,1,1,Hibernating
3056,63,26,1150,2,5,4,At Risk
5718,17,22,1415,5,5,5,Champions
6872,43,14,405,3,3,3,Needs Attention
8164,13,18,1908,5,4,5,Champions
4580,46,25,2486,3,5,5,Needs Attention
9305,65,26,1315,2,5,5,At Risk
453,1,5,45,5,1,1,New / Promising
8545,6,16,1789,5,4,5,Champions
9850,32,3,19,4,1,1,New / Promising
7378,34,17,573,4,4,3,Loyal
7646,70,20,805,2,5,4,At Risk
1640,49,6,108,3,2,2,Needs Attention
5184,65,3,23,2,1,1,Hibernating
8492,25,22,1493,4,5,5,Champions
11188,84,6,89,1,2,2,Hibernating
1212,7,22,936,5,5,4,Champions
9097,34,12,343,4,3,3,Loyal
10473,38,19,528,4,4,3,Loyal
7962,1,11,1901,5,3,5,Loyal
9984,25,17,724,4,4,4,Champions
5527,25,5,58,4,1,2,New / Promising
6374,50,11,297,3,3,3,Needs Attention
7453,46,15,488,3,4,3,Needs Attention
8952,96,21,859,1,5,4,At Risk
241,57,19,1574,3,4,5,Needs Attention
8975,47,6,69,3,2,2,Needs Attention
6119,52,3,17,3,1,1,Needs Attention
5236,30,20,2194,4,5,5,Champions
5723,63,7,116,2,2,2,Hibernating
1710,51,11,279,3,3,3,Needs Attention
1970,14,6,103,5,2,2,New / Promising
5313,20,6,44,4,2,1,New / Promising
10634,56,14,406,3,3,3,Needs Attention
7010,41,19,1363,3,4,5,Needs Attention
8562,72,10,236,2,3,3,Hibernating
3158,1,4,39,5,1,1,New / Promising
4436,27,7,137,4,2,2,New / Promising
5287,77,7,79,2,2,2,Hibernating
2445,87,5,63,1,1,2,Hibernating
6059,81,18,1314,1,4,5,At Risk
4550,51,5,71,3,1,2,Needs Attention
4240,79,5,58,2,1,2,Hibernating
8911,11,18,702,5,4,4,Champions
3706,54,6,94,3,2,2,Needs Attention
3628,93,5,80,1,1,2,Hibernating
10175,0,4,22,5,1,1,New / Promising
8985,54,27,1211,3,5,5,Needs Attention
5204,21,21,1461,4,5,5,Champions
9220,58,19,1968,3,4,5,Needs Attention
9888,3,15,1091,5,4,4,Champions
5263,99,4,55,1,1,1,Hibernating
1020,70,18,1366,2,4,5,At Risk
9503,65,11,313,2,3,3,Hibernating
10613,44,7,62,3,2,2,Needs Attention
67,6,6,92,5,2,2,New / Promising
6019,9,5,72,5,1,2,New / Promising
5863,95,17,655,1,4,4,At Risk
3717,70,16,704,2,4,4,At Risk
6730,92,5,54,1,1,1,Hibernating
10749,62,1,178,2,1,2,Hibernating
4998,85,13,1033,1,3,4,Can't Lose Them
6287,2,4,36,5,1,1,New / Promising
5985,0,7,122,5,2,2,New / Promising
4754,91,6,122,1,2,2,Hibernating
4002,3,26,1123,5,5,4,Champions
8870,68,12,497,2,3,3,Hibernating
966,98,19,691,1,4,4,At Risk
4767,41,19,1363,3,4,5,Needs Attention
9725,16,3,12,5,1,1,New / Promising
4475,82,24,2440,1,5,5,At Risk
5740,1,5,56,5,1,2,New / Promising
5731,64,4,37,2,1,1,Hibernating
7290,68,20,968,2,5,4,At Risk
3846,98,11,270,1,3,3,Hibernating
8104,32,11,278,4,3,3,Loyal
4507,87,21,1250,1,5,5,At Risk
11013,84,16,938,1,4,4,At Risk
4491,3,17,1178,5,4,5,Champions
3759,34,24,1155,4,5,4,Champions
1162,23,18,653,4,4,4,Champions
2055,37,4,49,4,1,1,New / Promising
10766,22,16,506,4,4,3,Loyal
4415,19,5,38,5,1,1,New / Promising
3005,7,22,1650,5,5,5,Champions
2223,52,25,1826,3,5,5,Needs Attention
4817,91,3,18,1,1,1,Hibernating
2875,93,23,906,1,5,4,At Risk
10536,78,6,46,2,2,1,Hibernating
11112,23,19,1477,4,4,5,Champions
3807,83,20,766,1,5,4,At Risk
9197,92,5,47,1,1,1,Hibernating
10832,4,13,467,5,3,3,Loyal
6421,32,20,2116,4,5,5,Champions
4207,27,24,1298,4,5,5,Champions
577,10,4,22,5,1,1,New / Promising
10855,9,13,396,5,3,3,Loyal
3081,65,3,20,2,1,1,Hibernating
3535,68,12,967,2,3,4,Can't Lose Them
247,16,13,357,5,3,3,Loyal
8707,12,15,1401,5,4,5,Champions
9523,95,3,15,1,1,1,Hibernating
6072,16,19,2087,5,4,5,Champions
6295,46,22,981,3,5,4,Needs Attention
10914,3,4,17,5,1,1,New / Promising
1509,80,22,523,1,5,3,At Risk
5577,77,3,23,2,1,1,Hibernating
7348,0,16,1192,5,4,5,Champions
1127,62,19,1958,2,4,5,At Risk
1833,91,7,133,1,2,2,Hibernating
4944,24,16,777,4,4,4,Champions
9080,2,6,73,5,2,2,New / Promising
6466,22,7,121,4,2,2,New / Promising
9964,56,14,424,3,3,3,Needs Attention
4790,54,12,868,3,3,4,Needs Attention
10245,71,14,756,2,3,4,Can't Lose Them
1109,38,3,12,4,1,1,New / Promising
6001,62,23,937,2,5,4,At Risk
5538,78,17,1862,2,4,5,At Risk
10552,18,12,367,5,3,3,Loyal
1545,95,14,443,1,3,3,Hibernating
7409,66,11,267,2,3,3,Hibernating
4444,28,5,61,4,1,2,New / Promising
146,78,20,1323,2,5,5,At Risk
6271,13,5,63,5,1,2,New / Promising
10065,27,6,64,4,2,2,New / Promising
4741,17,17,562,5,4,3,Loyal
246,71,12,312,2,3,3,Hibernating
375,79,15,1156,2,4,4,At Risk
1524,1,15,1104,5,4,4,Champions
10022,78,3,16,2,1,1,Hibernating
7451,23,19,2008,4,4,5,Champions
11010,75,6,44,2,2,1,Hibernating
4356,70,11,1574,2,3,5,Can't Lose Them
3885,10,4,63,5,1,2,New / Promising
1175,24,11,426,4,3,3,Loyal
880,47,5,96,3,1,2,Needs Attention
2320,98,18,635,1,4,3,At Risk
850,4,20,757,5,5,4,Champions
4713,15,7,125,5,2,2,New / Promising
675,67,11,332,2,3,3,Hibernating
5025,32,7,135,4,2,2,New / Promising
2308,40,12,330,3,3,3,Needs Attention
5995,54,13,384,3,3,3,Needs Attention
6749,78,14,1722,2,3,5,Can't Lose Them
1010,94,5,78,1,1,2,Hibernating
8977,51,3,24,3,1,1,Needs Attention
4756,42,24,1168,3,5,4,Needs Attention
3412,67,13,957,2,3,4,Can't Lose Them
606,87,3,15,1,1,1,Hibernating
5961,29,4,57,4,1,2,New / Promising
2975,89,22,1956,1,5,5,At Risk
2894,74,20,2013,2,5,5,At Risk
7613,97,12,326,1,3,3,Hibernating
10542,63,6,77,2,2,2,Hibernating
8015,88,19,1313,1,4,5,At Risk
10617,34,6,30,4,2,1,New / Promising
11166,81,12,315,1,3,3,Hibernating
849,65,18,660,2,4,4,At Risk
523,51,6,74,3,2,2,Needs Attention
4066,76,5,46,2,1,1,Hibernating
8414,76,6,86,2,2,2,Hibernating
819,84,24,1103,1,5,4,At Risk
4961,56,7,61,3,2,2,Needs Attention
749,31,7,145,4,2,2,New / Promising
5430,0,19,684,5,4,4,Champions
7755,91,14,411,1,3,3,Hibernating
10525,40,3,27,3,1,1,Needs Attention
1453,59,25,1060,2,5,4,At Risk
8310,96,21,1459,1,5,5,At Risk
10710,61,3,18,2,1,1,Hibernating
5031,14,25,1833,5,5,5,Champions
2613,16,10,237,5,3,3,Loyal
213,98,6,48,1,2,1,Hibernating
967,11,16,515,5,4,3,Loyal
1077,52,14,1020,3,3,4,Needs Attention
7959,19,10,1370,4,3,5,Loyal
640,61,23,1026,2,5,4,At Risk
4252,73,11,301,2,3,3,Hibernating
8432,0,19,684,5,4,4,Champions
6218,74,16,499,2,4,3,At Risk
6905,55,20,1004,3,5,4,Needs Attention
5922,48,10,218,3,3,3,Needs Attention
3598,53,18,606,3,4,3,Needs Attention
6116,13,5,75,5,1,2,New / Promising
6263,34,6,106,4,2,2,New / Promising
10486,54,16,990,3,4,4,Needs Attention
2410,69,15,1097,2,4,4,At Risk
193,81,3,16,1,1,1,Hibernating
3363,99,4,34,1,1,1,Hibernating
8278,3,15,1711,5,4,5,Champions
10660,61,14,438,2,3,3,Hibernating
8686,65,5,75,2,1,2,Hibernating
1604,93,10,225,1,3,3,Hibernating
5907,24,3,18,4,1,1,New / Promising
10669,8,15,470,5,4,3,Loyal
2918,72,6,91,2,2,2,Hibernating
5735,29,17,2525,4,4,5,Champions
359,33,16,504,4,4,3,Loyal
8387,68,10,235,2,3,3,Hibernating
1829,55,18,1232,3,4,5,Needs Attention
3839,76,7,88,2,2,2,Hibernating
9392,17,3,17,5,1,1,New / Promising
2292,94,4,24,1,1,1,Hibernating
10466,86,5,60,1,1,2,Hibernating
9855,25,25,1020,4,5,4,Champions
4088,22,8,155,4,2,2,New / Promising
5231,15,4,51,5,1,1,New / Promising
590,35,15,1812,4,4,5,Champions
8732,81,21,1461,1,5,5,At Risk
2315,55,5,96,3,1,2,Needs Attention
3515,94,8,160,1,2,2,Hibernating
2245,50,7,139,3,2,2,Needs Attention
6283,64,21,908,2,5,4,At Risk
2246,91,7,183,1,2,2,Hibernating
6606,11,17,1161,5,4,4,Champions
5545,72,13,988,2,3,4,Can't Lose Them
7342,6,24,1072,5,5,4,Champions
837,0,8,174,5,2,2,New / Promising
9500,66,19,758,2,4,4,At Risk
3602,42,9,195,3,3,3,Needs Attention
234,60,4,31,2,1,1,Hibernating
2995,64,16,1084,2,4,4,At Risk
1118,87,19,685,1,4,4,At Risk
7789,96,25,1672,1,5,5,At Risk
3068,1,5,43,5,2,1,New / Promising
8955,54,4,49,3,1,1,Needs Attention
945,53,7,133,3,2,2,Needs Attention
5644,96,13,363,1,3,3,Hibernating
7192,58,16,545,3,4,3,Needs Attention
2324,12,29,1065,5,5,4,Champions
697,78,20,2047,2,5,5,At Risk
3439,64,10,296,2,3,3,Hibernating
1506,26,7,140,4,2,2,New / Promising
232,8,16,530,5,4,3,Loyal
8876,49,8,152,3,2,2,Needs Attention
4500,56,23,1598,3,5,5,Needs Attention
9739,55,6,114,3,2,2,Needs Attention
10395,25,7,101,4,2,2,New / Promising
1176,50,3,25,3,1,1,Needs Attention
1627,84,21,789,1,5,4,At Risk
938,30,5,87,4,2,2,New / Promising
2740,81,7,90,1,2,2,Hibernating
257,74,18,1215,2,4,5,At Risk
4058,76,21,811,2,5,4,At Risk
7736,36,5,61,4,2,2,New / Promising
8210,64,13,405,2,3,3,Hibernating
833,62,6,72,2,2,2,Hibernating
6230,53,9,189,3,3,2,Needs Attention
7325,86,4,40,1,1,1,Hibernating
1307,15,7,63,5,2,2,New / Promising
1502,67,5,52,2,2,1,Hibernating
6211,47,4,39,3,1,1,Needs Attention
843,47,21,805,3,5,4,Needs Attention
4174,81,7,130,1,2,2,Hibernating
9757,98,23,1631,1,5,5,At Risk
6918,56,4,34,3,1,1,Needs Attention
286,48,8,152,3,2,2,Needs Attention
11086,18,4,21,5,1,1,New / Promising
1921,74,5,71,2,2,2,Hibernating
4138,68,22,899,2,5,4,At Risk
7718,36,9,711,4,3,4,Loyal
1291,90,12,351,1,3,3,Hibernating
6862,65,0,8,2,1,1,Hibernating
4136,63,7,119,2,2,2,Hibernating
803,82,3,21,1,1,1,Hibernating
4298,63,3,10,2,1,1,Hibernating
10833,55,24,973,3,5,4,Needs Attention
9606,64,12,1536,2,3,5,Can't Lose Them
8534,51,24,992,3,5,4,Needs Attention
5153,97,32,1529,1,5,5,At Risk
961,92,15,860,1,4,4,At Risk
5011,51,21,928,3,5,4,Needs Attention
6653,72,14,418,2,3,3,Hibernating
9094,39,14,587,4,3,3,Loyal
810,49,17,641,3,4,4,Needs Attention
5493,21,3,23,4,1,1,New / Promising
2147,91,22,2279,1,5,5,At Risk
5107,37,4,49,4,1,1,New / Promising
3979,98,16,1779,1,4,5,At Risk
6049,85,26,1804,1,5,5,At Risk
8147,40,5,48,3,2,1,Needs Attention
1857,2,5,83,5,2,2,New / Promising
3910,78,17,1862,2,4,5,At Risk
5207,41,19,793,3,4,4,Needs Attention
11114,94,6,84,1,2,2,Hibernating
5429,10,9,183,5,3,2,Loyal
9400,73,18,1383,2,4,5,At Risk
1740,22,14,999,4,3,4,Loyal
7488,30,21,825,4,5,4,Champions
195,21,10,246,4,3,3,Loyal
635,51,17,610,3,4,3,Needs Attention
7527,97,6,76,1,2,2,Hibernating
10319,56,18,1286,3,4,5,Needs Attention
2296,4,3,30,5,1,1,New / Promising
10637,77,6,99,2,2,2,Hibernating
2931,95,22,1192,1,5,5,At Risk
907,36,13,362,4,3,3,Loyal
3698,13,18,2130,5,4,5,Champions
9516,90,26,1229,1,5,5,At Risk
679,49,4,38,3,1,1,Needs Attention
7384,18,15,485,5,4,3,Loyal
5043,89,11,434,1,3,3,Hibernating
5267,43,4,44,3,1,1,Needs Attention
339,82,16,496,1,4,3,At Risk
2516,84,5,78,1,2,2,Hibernating
9010,80,22,2346,1,5,5,At Risk
378,68,19,794,2,4,4,At Risk
4808,12,3,17,5,1,1,New / Promising
5068,75,4,26,2,1,1,Hibernating
7628,10,6,76,5,2,2,New / Promising
7128,91,3,15,1,1,1,Hibernating
2811,21,5,62,4,2,2,New / Promising
3551,28,8,198,4,2,3,New / Promising
1663,97,4,49,1,1,1,Hibernating
5543,49,20,802,3,5,4,Needs Attention
1577,14,14,1736,5,3,5,Loyal
10641,5,6,57,5,2,2,New / Promising
5336,37,2,59,4,1,2,New / Promising
6024,62,18,2302,2,4,5,At Risk
1878,83,5,37,1,2,1,Hibernating
3099,48,11,310,3,3,3,Needs Attention
6055,94,18,1305,1,4,5,At Risk
5841,61,21,832,2,5,4,At Risk
3972,70,13,401,2,3,3,Hibernating
4394,43,22,1501,3,5,5,Needs Attention
5758,23,27,1189,4,5,5,Champions
6658,37,25,1194,4,5,5,Champions
4603,50,19,656,3,4,4,Needs Attention
8427,78,22,1540,2,5,5,At Risk
10260,74,12,311,2,3,3,Hibernating
7143,14,21,820,5,5,4,Champions
8789,77,11,274,2,3,3,Hibernating
6197,39,6,57,4,2,2,New / Promising
4554,89,13,448,1,3,3,Hibernating
4937,62,4,44,2,1,1,Hibernating
1920,59,6,102,2,2,2,Hibernating
8749,68,4,61,2,1,2,Hibernating
1650,13,26,1643,5,5,5,Champions
10377,37,12,397,4,3,3,Loyal
9206,36,24,1121,4,5,4,Champions
10971,28,12,473,4,3,3,Loyal
6398,2,6,50,5,2,1,New / Promising
9212,17,22,1678,5,5,5,Champions
7937,86,6,58,1,2,2,Hibernating
839,54,8,170,3,2,2,Needs Attention
4246,2,2,373,5,1,3,New / Promising
158,3,16,1196,5,4,5,Champions
4832,84,6,101,1,2,2,Hibernating
5621,8,12,316,5,3,3,Loyal
1945,4,18,1400,5,4,5,Champions
5147,57,26,1424,3,5,5,Needs Attention
2535,24,19,844,4,4,4,Champions
11039,51,11,311,3,3,3,Needs Attention
9495,29,16,1149,4,4,4,Champions
9635,13,7,129,5,2,2,New / Promising
2173,23,4,32,4,1,1,New / Promising
942,36,11,299,4,3,3,Loyal
9386,88,12,320,1,3,3,Hibernating
5510,2,13,441,5,3,3,Loyal
873,3,17,1178,5,4,5,Champions
2253,15,5,85,5,2,2,New / Promising
5181,58,3,24,3,1,1,Needs Attention
979,11,6,112,5,2,2,New / Promising
10390,27,4,30,4,1,1,New / Promising
4698,32,14,410,4,3,3,Loyal
7793,12,21,800,5,5,4,Champions
1745,88,19,1313,1,4,5,At Risk
10590,91,22,1483,1,5,5,At Risk
5080,12,16,1258,5,4,5,Champions
8369,21,3,28,4,1,1,New / Promising
5232,23,10,227,4,3,3,Loyal
2407,10,19,1555,5,4,5,Champions
3834,35,21,861,4,5,4,Champions
7912,69,6,103,2,2,2,Hibernating
7712,68,18,634,2,4,3,At Risk
1065,85,18,1918,1,4,5,At Risk
7275,34,7,131,4,2,2,New / Promising
1343,55,16,586,3,4,3,Needs Attention
1384,10,5,62,5,2,2,New / Promising
9967,30,14,447,4,3,3,Loyal
6181,36,26,939,4,5,4,Champions
10507,14,11,797,5,3,4,Loyal
2674,79,15,1143,2,4,4,At Risk
2698,52,14,415,3,3,3,Needs Attention
3231,97,4,30,1,1,1,Hibernating
4096,24,9,187,4,3,2,Loyal
10476,0,10,251,5,3,3,Loyal
5948,96,10,237,1,3,3,Hibernating
9140,89,6,91,1,2,2,Hibernating
10258,94,4,35,1,1,1,Hibernating
5675,98,16,493,1,4,3,At Risk
4743,72,23,971,2,5,4,At Risk
8805,1,13,371,5,3,3,Loyal
1542,26,14,396,4,3,3,Loyal
6770,5,5,68,5,2,2,New / Promising
8773,22,12,322,4,3,3,Loyal
10475,39,12,317,3,3,3,Needs Attention
10420,56,9,222,3,3,3,Needs Attention
7514,74,8,177,2,2,2,Hibernating
2902,87,4,45,1,1,1,Hibernating
4345,49,3,21,3,1,1,Needs Attention
793,24,5,45,4,2,1,New / Promising
10909,9,20,1899,5,5,5,Champions
3769,17,4,42,5,1,1,New / Promising
8702,10,4,22,5,1,1,New / Promising
4791,35,4,41,4,1,1,New / Promising
2963,56,20,1440,3,5,5,Needs Attention
8216,7,11,325,5,3,3,Loyal
8140,51,7,95,3,2,2,Needs Attention
10146,17,4,42,5,1,1,New / Promising
5289,30,4,72,4,1,2,New / Promising
2587,21,5,20,4,2,1,New / Promising
4405,2,21,789,5,5,4,Champions
8663,85,3,15,1,1,1,Hibernating
2589,65,6,59,2,2,2,Hibernating
3421,64,21,908,2,5,4,At Risk
10490,11,12,417,5,3,3,Loyal
4094,92,11,289,1,3,3,Hibernating
9958,54,20,769,3,5,4,Needs Attention
2534,4,8,188,5,2,2,New / Promising
4188,53,11,354,3,3,3,Needs Attention
6613,39,20,727,3,5,4,Needs Attention
10827,49,7,146,3,2,2,Needs Attention
5491,70,12,319,2,3,3,Hibernating
8402,40,20,794,3,5,4,Needs Attention
8783,40,15,454,3,4,3,Needs Attention
10010,43,7,152,3,2,2,Needs Attention
618,17,21,797,5,5,4,Champions
9121,40,14,1690,3,3,5,Needs Attention
361,84,3,20,1,1,1,Hibernating
4310,25,20,1428,4,5,5,Champions
2678,62,8,209,2,2,3,Hibernating
6376,83,15,545,1,4,3,At Risk
524,47,5,96,3,2,2,Needs Attention
10341,45,9,222,3,3,3,Needs Attention
5654,34,5,61,4,2,2,New / Promising
4098,3,6,44,5,2,1,New / Promising
5824,1,3,8,5,1,1,New / Promising
7000,18,22,817,5,5,4,Champions
2561,45,19,1371,3,4,5,Needs Attention
5229,81,4,42,1,1,1,Hibernating
4086,77,4,60,2,1,2,Hibernating
2428,23,6,78,4,2,2,New / Promising
8254,48,3,23,3,1,1,Needs Attention
2836,61,3,19,2,1,1,Hibernating
8418,60,5,61,2,2,2,Hibernating
1362,75,13,449,2,3,3,Hibernating
7152,64,4,37,2,1,1,Hibernating
10033,54,4,38,3,1,1,Needs Attention
9349,84,22,1131,1,5,4,At Risk
274,75,5,34,2,2,1,Hibernating
3388,16,12,294,5,3,3,Loyal
922,79,4,48,2,1,1,Hibernating
8588,92,11,289,1,3,3,Hibernating
2518,16,3,30,5,1,1,New / Promising
574,96,6,125,1,2,2,Hibernating
3220,30,7,156,4,2,2,New / Promising
5967,60,6,70,2,2,2,Hibernating
1183,11,3,22,5,1,1,New / Promising
6856,75,6,65,2,2,2,Hibernating
4530,36,20,1930,4,5,5,Champions
1553,71,22,2283,2,5,5,At Risk
4682,88,12,310,1,3,3,Hibernating
8204,93,17,1319,1,4,5,At Risk
5221,93,22,879,1,5,4,At Risk
1232,54,16,1244,3,4,5,Needs Attention
1927,41,13,690,3,3,4,Needs Attention
5788,46,9,209,3,3,3,Needs Attention
6652,28,16,1134,4,4,4,Champions
6246,40,22,1507,3,5,5,Needs Attention
5975,82,5,57,1,2,2,Hibernating
6875,38,15,529,4,4,3,Loyal
4399,3,15,1091,5,4,4,Champions
4042,87,8,180,1,2,2,Hibernating
2157,49,6,77,3,2,2,Needs Attention
10133,16,25,2349,5,5,5,Champions
2525,65,16,534,2,4,3,At Risk
8233,9,17,556,5,4,3,Loyal
9483,24,18,637,4,4,4,Champions
2945,25,4,46,4,1,1,New / Promising
10403,43,6,44,3,2,1,Needs Attention
5074,10,4,47,5,1,1,New / Promising
10524,29,18,795,4,4,4,Champions
4690,45,17,586,3,4,3,Needs Attention
7521,57,19,1574,3,4,5,Needs Attention
7196,20,3,13,4,1,1,New / Promising
4406,29,21,1471,4,5,5,Champions
9672,82,5,65,1,2,2,Hibernating
4864,68,8,175,2,2,2,Hibernating
4706,65,4,40,2,1,1,Hibernating
4070,99,17,1078,1,4,4,At Risk
25,9,19,1115,5,4,4,Champions
3697,20,7,134,4,2,2,New / Promising
217,78,22,1540,2,5,5,At Risk
4220,26,6,87,4,2,2,New / Promising
5286,68,9,217,2,3,3,Hibernating
9559,79,25,1034,2,5,4,At Risk
2849,25,24,1180,4,5,5,Champions
7787,83,20,819,1,5,4,At Risk
3102,32,4,32,4,1,1,New / Promising
5868,49,4,46,3,1,1,Needs Attention
8370,50,16,1159,3,4,4,Needs Attention
9988,84,22,860,1,5,4,At Risk
2939,96,14,1631,1,3,5,Can't Lose Them
5529,56,15,444,3,4,3,Needs Attention
9743,85,27,1910,1,5,5,At Risk
5763,63,13,380,2,3,3,Hibernating
3478,17,20,736,5,5,4,Champions
7494,11,11,269,5,3,3,Loyal
1763,62,28,2524,2,5,5,At Risk
7250,48,18,612,3,4,3,Needs Attention
2005,86,6,75,1,2,2,Hibernating
10770,73,24,1045,2,5,4,At Risk
6885,36,5,55,4,2,1,New / Promising
2072,34,15,1064,4,4,4,Champions
9463,16,21,1443,5,5,5,Champions
6318,48,29,1366,3,5,5,Needs Attention
4093,61,12,436,2,3,3,Hibernating
5751,54,4,38,3,1,1,Needs Attention
3340,56,14,436,3,3,3,Needs Attention
3594,74,19,747,2,4,4,At Risk
3584,35,20,1396,4,5,5,Champions
3643,65,13,928,2,3,4,Can't Lose Them
851,48,17,642,3,4,4,Needs Attention
7706,88,24,1048,1,5,4,At Risk
3967,19,23,943,4,5,4,Champions
10128,21,22,907,4,5,4,Champions
486,27,17,1198,4,4,5,Champions
9,86,7,120,1,2,2,Hibernating
9451,92,23,1658,1,5,5,At Risk
9264,1,21,1638,5,5,5,Champions
3865,14,6,73,5,2,2,New / Promising
2853,74,10,275,2,3,3,Hibernating
1490,84,21,854,1,5,4,At Risk
6310,4,6,78,5,2,2,New / Promising
10380,50,6,106,3,2,2,Needs Attention
3887,2,5,106,5,2,2,New / Promising
4278,73,18,1923,2,4,5,At Risk
8643,21,21,1662,4,5,5,Champions
1998,82,6,84,1,2,2,Hibernating
10795,14,5,48,5,2,1,New / Promising
11110,56,0,5,3,1,1,Needs Attention
2408,20,20,733,4,5,4,Champions
202,54,17,1234,3,4,5,Needs Attention
7998,77,6,112,2,2,2,Hibernating
830,5,14,1658,5,3,5,Loyal
3536,65,5,55,2,2,1,Hibernating
6050,33,22,1513,4,5,5,Champions
125,65,11,271,2,3,3,Hibernating
3463,41,23,904,3,5,4,Needs Attention
2804,86,7,120,1,2,2,Hibernating
3745,92,6,103,1,2,2,Hibernating
9771,97,11,269,1,3,3,Hibernating
451,91,4,22,1,1,1,Hibernating
10530,0,15,1156,5,4,4,Champions
1079,59,16,1086,2,4,4,At Risk
8920,4,25,1128,5,5,4,Champions
6678,5,7,72,5,2,2,New / Promising
3852,48,23,964,3,5,4,Needs Attention
528,99,19,1383,1,4,5,At Risk
73,81,3,18,1,1,1,Hibernating
5589,95,21,793,1,5,4,At Risk
10212,43,6,100,3,2,2,Needs Attention
6365,5,5,80,5,2,2,New / Promising
5636,50,7,167,3,2,2,Needs Attention
591,76,18,677,2,4,4,At Risk
2217,46,3,23,3,1,1,Needs Attention
2544,68,6,92,2,2,2,Hibernating
7725,33,15,641,4,4,4,Champions
8091,50,16,1106,3,4,4,Needs Attention
7321,85,13,1033,1,3,4,Can't Lose Them
5462,63,27,1174,2,5,5,At Risk
7791,89,4,25,1,1,1,Hibernating
955,81,10,240,1,3,3,Hibernating
4037,77,3,20,2,1,1,Hibernating
6642,50,7,102,3,2,2,Needs Attention
2793,10,23,1034,5,5,4,Champions
5424,30,7,156,4,2,2,New / Promising
879,66,15,458,2,4,3,At Risk
9530,16,3,17,5,1,1,New / Promising
4828,12,20,792,5,5,4,Champions
10699,30,6,92,4,2,2,New / Promising
1497,8,14,407,5,3,3,Loyal
7476,93,19,1269,1,4,5,At Risk
4390,14,21,841,5,5,4,Champions
10478,53,18,633,3,4,3,Needs Attention
1081,26,14,1019,4,3,4,Loyal
4261,23,25,1315,4,5,5,Champions
9916,92,5,54,1,2,1,Hibernating
5350,29,17,2525,4,4,5,Champions
8135,41,4,52,3,1,1,Needs Attention
8685,56,14,436,3,3,3,Needs Attention
4967,19,11,268,4,3,3,Loyal
2130,4,7,147,5,2,2,New / Promising
9298,89,17,1798,1,4,5,At Risk
8175,71,7,137,2,2,2,Hibernating
6257,81,16,507,1,4,3,At Risk
3790,31,3,15,4,1,1,New / Promising
9952,53,16,1105,3,4,4,Needs Attention
3503,78,14,974,2,3,4,Can't Lose Them
5223,80,6,66,1,2,2,Hibernating
4608,18,26,778,5,5,4,Champions
1626,37,4,49,4,1,1,New / Promising
4764,52,8,169,3,2,2,Needs Attention
2471,39,11,299,3,3,3,Needs Attention
5892,11,10,221,5,3,3,Loyal
2612,33,24,1682,4,5,5,Champions
4971,22,8,155,4,2,2,New / Promising
5185,83,12,892,1,3,4,Can't Lose Them
10069,43,4,58,3,1,2,Needs Attention
2262,74,12,311,2,3,3,Hibernating
1131,54,6,95,3,2,2,Needs Attention
1041,3,14,424,5,3,3,Loyal
24,96,7,47,1,2,1,Hibernating
3409,68,12,339,2,3,3,Hibernating
7022,2,20,1410,5,5,5,Champions
7943,40,5,35,3,2,1,Needs Attention
5272,64,16,562,2,4,3,At Risk
5453,26,23,2352,4,5,5,Champions
2565,69,19,1334,2,4,5,At Risk
800,57,4,32,3,1,1,Needs Attention
11092,78,5,41,2,2,1,Hibernating
5062,71,4,39,2,1,1,Hibernating
8969,59,21,1141,2,5,4,At Risk
4656,28,19,710,4,4,4,Champions
4480,61,14,401,2,3,3,Hibernating
9971,22,16,506,4,4,3,Loyal
6729,95,20,1538,1,5,5,At Risk
1773,38,5,57,4,2,2,New / Promising
9242,19,18,1722,4,4,5,Champions
1764,92,11,270,1,3,3,Hibernating
6215,24,4,31,4,1,1,New / Promising
10099,21,21,882,4,5,4,Champions
5423,35,3,16,4,1,1,New / Promising
940,9,12,311,5,3,3,Loyal
3011,23,10,227,4,3,3,Loyal
3298,92,24,1152,1,5,4,At Risk
8286,55,7,122,3,2,2,Needs Attention
9668,14,6,77,5,2,2,New / Promising
5120,78,18,1289,2,4,5,At Risk
6097,64,15,561,2,4,3,At Risk
7019,49,9,211,3,3,3,Needs Attention
7408,8,10,233,5,3,3,Loyal
8041,35,15,1092,4,4,4,Champions
252,11,16,601,5,4,3,Loyal
9986,8,7,54,5,2,1,New / Promising
3276,53,6,78,3,2,2,Needs Attention
3859,36,25,1095,4,5,4,Champions
3570,64,10,244,2,3,3,Hibernating
3783,43,7,116,3,2,2,Needs Attention
10207,40,3,15,3,1,1,Needs Attention
10906,52,14,425,3,3,3,Needs Attention
3427,11,20,734,5,5,4,Champions
5209,21,17,638,4,4,4,Champions
10711,23,21,894,4,5,4,Champions
10785,17,5,41,5,2,1,New / Promising
2814,6,4,31,5,1,1,New / Promising
6866,56,4,34,3,1,1,Needs Attention
1665,71,13,1750,2,3,5,Can't Lose Them
6575,51,17,612,3,4,3,Needs Attention
3829,94,4,29,1,1,1,Hibernating
3091,27,20,823,4,5,4,Champions
10141,1,3,20,5,1,1,New / Promising
5177,56,14,396,3,3,3,Needs Attention
7005,71,20,813,2,5,4,At Risk
6409,18,19,1179,5,4,5,Champions
7485,48,7,138,3,2,2,Needs Attention
8079,86,6,55,1,2,2,Hibernating
8395,48,21,1511,3,5,5,Needs Attention
10352,2,6,117,5,2,2,New / Promising
4931,13,28,1730,5,5,5,Champions
13,57,4,32,3,1,1,Needs Attention
1834,77,5,67,2,2,2,Hibernating
2285,0,12,335,5,3,3,Loyal
2295,57,21,825,3,5,4,Needs Attention
1378,24,17,694,4,4,4,Champions
2781,55,16,1792,3,4,5,Needs Attention
1165,62,15,496,2,4,3,At Risk
1404,89,9,231,1,3,3,Hibernating
6457,77,22,902,2,5,4,At Risk
2639,45,6,68,3,2,2,Needs Attention
8299,46,5,71,3,2,2,Needs Attention
6437,80,5,76,1,2,2,Hibernating
6912,60,21,772,2,5,4,At Risk
7327,71,6,47,2,2,1,Hibernating
5299,43,23,1586,3,5,5,Needs Attention
4127,97,32,1529,1,5,5,At Risk
8143,49,11,265,3,3,3,Needs Attention
1964,66,17,1603,2,4,5,At Risk
3690,20,21,2091,4,5,5,Champions
3433,54,20,981,3,5,4,Needs Attention
3389,61,30,1533,2,5,5,At Risk
4712,18,6,82,5,2,2,New / Promising
1170,45,10,244,3,3,3,Needs Attention
6347,26,4,36,4,1,1,New / Promising
4065,0,14,404,5,3,3,Loyal
8230,28,5,71,4,2,2,New / Promising
1215,49,22,1572,3,5,5,Needs Attention
5939,84,7,122,1,2,2,Hibernating
2156,38,6,41,4,2,1,New / Promising
7788,53,3,10,3,1,1,Needs Attention
10323,88,11,304,1,3,3,Hibernating
7947,99,4,37,1,1,1,Hibernating
1891,12,15,1754,5,4,5,Champions
2570,35,21,815,4,5,4,Champions
9256,5,23,1001,5,5,4,Champions
295,77,21,1157,2,5,4,At Risk
7397,45,18,688,3,4,4,Needs Attention
6349,71,18,1319,2,4,5,At Risk
10790,40,3,21,3,1,1,Needs Attention
10398,82,3,31,1,1,1,Hibernating
2431,70,5,67,2,2,2,Hibernating
550,87,19,708,1,4,4,At Risk
1890,95,3,25,1,1,1,Hibernating
10742,72,11,746,2,3,4,Can't Lose Them
10356,5,4,32,5,1,1,New / Promising
4676,86,23,1695,1,5,5,At Risk
8852,80,23,1080,1,5,4,At Risk
3565,62,6,72,2,2,2,Hibernating
5294,49,7,57,3,2,2,Needs Attention
1958,85,19,660,1,4,4,At Risk
7349,7,7,103,5,2,2,New / Promising
8799,6,8,153,5,2,2,New / Promising
1351,25,28,1220,4,5,5,Champions
1045,55,11,279,3,3,3,Needs Attention
7732,81,19,745,1,4,4,At Risk
8070,98,11,264,1,3,3,Hibernating
477,31,21,2157,4,5,5,Champions
7832,30,22,1526,4,5,5,Champions
2202,98,5,69,1,2,2,Hibernating
7396,92,25,1597,1,5,5,At Risk
4055,41,6,64,3,2,2,Needs Attention
10340,68,12,497,2,3,3,Hibernating
10091,78,15,1067,2,4,4,At Risk
7629,46,5,31,3,2,1,Needs Attention
10640,71,9,211,2,3,3,Hibernating
3498,6,21,877,5,5,4,Champions
6742,82,3,11,1,1,1,Hibernating
1172,71,24,2034,2,5,5,At Risk
569,32,18,1991,4,4,5,Champions
4686,28,24,1686,4,5,5,Champions
1381,20,12,324,4,3,3,Loyal
2634,10,6,69,5,2,2,New / Promising
10905,7,11,252,5,3,3,Loyal
1744,67,4,54,2,1,1,Hibernating
1000,48,23,964,3,5,4,Needs Attention
3828,61,26,1327,2,5,5,At Risk
8605,36,5,68,4,2,2,New / Promising
10304,77,4,60,2,1,2,Hibernating
4351,90,4,55,1,1,2,Hibernating
10129,35,20,1456,4,5,5,Champions
2499,38,17,563,4,4,3,Loyal
10092,46,22,1504,3,5,5,Needs Attention
7500,33,17,564,4,4,3,Loyal
5796,70,22,1125,2,5,4,At Risk
10556,51,13,358,3,3,3,Needs Attention
1064,18,4,42,5,1,1,New / Promising
48,97,8,184,1,2,2,Hibernating
7610,32,14,460,4,3,3,Loyal
263,9,7,145,5,2,2,New / Promising
10814,6,24,1376,5,5,5,Champions
9710,80,21,792,1,5,4,At Risk
9292,74,22,1382,2,5,5,At Risk
10250,49,3,28,3,1,1,Needs Attention
7881,21,23,1033,4,5,4,Champions
5847,95,20,882,1,5,4,At Risk
737,56,13,2231,3,3,5,Needs Attention
3571,48,16,1101,3,4,4,Needs Attention
7807,26,11,369,4,3,3,Loyal
3878,3,4,48,5,1,1,New / Promising
5092,39,15,467,3,4,3,Needs Attention
2154,33,5,44,4,2,1,New / Promising
5394,42,6,38,3,2,1,Needs Attention
3798,80,6,81,1,2,2,Hibernating
3524,9,8,167,5,2,2,New / Promising
5247,52,5,45,3,2,1,Needs Attention
5883,78,18,664,2,4,4,At Risk
2118,68,17,622,2,4,3,At Risk
8812,45,5,48,3,2,1,Needs Attention
6616,47,14,461,3,3,3,Needs Attention
2797,34,25,1073,4,5,4,Champions
4328,81,6,55,1,2,2,Hibernating
9167,72,23,976,2,5,4,At Risk
10560,23,4,20,4,1,1,New / Promising
2631,29,16,1149,4,4,4,Champions
8312,80,5,43,1,2,1,Hibernating
5534,30,8,224,4,2,3,New / Promising
5093,15,6,101,5,2,2,New / Promising
7592,86,9,209,1,3,3,Hibernating
8895,68,20,968,2,5,4,At Risk
8584,54,16,1165,3,4,4,Needs Attention
2694,44,4,24,3,1,1,Needs Attention
8910,7,11,252,5,3,3,Loyal
7433,87,8,165,1,2,2,Hibernating
164,59,11,269,2,3,3,Hibernating
10477,16,6,102,5,2,2,New / Promising
2681,1,18,461,5,4,3,Loyal
5150,64,5,47,2,2,1,Hibernating
5283,72,7,144,2,2,2,Hibernating
9645,98,23,1338,1,5,5,At Risk
10678,91,23,917,1,5,4,At Risk
7261,8,12,318,5,3,3,Loyal
9648,20,10,253,4,3,3,Loyal
2870,6,15,502,5,4,3,Loyal
8008,54,6,119,3,2,2,Needs Attention
1513,72,16,1250,2,4,5,At Risk
6173,46,23,969,3,5,4,Needs Attention
1419,11,6,76,5,2,2,New / Promising
9150,21,5,62,4,2,2,New / Promising
7960,89,25,1382,1,5,5,At Risk
1250,82,6,84,1,2,2,Hibernating
9905,69,9,255,2,3,3,Hibernating
10691,55,4,43,3,1,1,Needs Attention
7002,13,13,398,5,3,3,Loyal
2952,80,6,76,1,2,2,Hibernating
8439,97,13,902,1,3,4,Can't Lose Them
762,27,20,823,4,5,4,Champions
2831,99,24,1179,1,5,5,At Risk
6977,87,28,1921,1,5,5,At Risk
6289,85,8,185,1,2,2,Hibernating
4168,30,14,433,4,3,3,Loyal
8397,82,4,34,1,1,1,Hibernating
9284,21,22,907,4,5,4,Champions
6237,92,25,416,1,5,3,At Risk
3130,95,6,44,1,2,1,Hibernating
1619,2,16,1588,5,4,5,Champions
1990,74,16,1797,2,4,5,At Risk
5513,49,4,40,3,1,1,Needs Attention
269,71,15,1143,2,4,4,At Risk
8093,72,13,914,2,3,4,Can't Lose Them
10513,68,11,1502,2,3,5,Can't Lose Them
10177,4,17,1338,5,4,5,Champions
2549,80,4,27,1,1,1,Hibernating
5782,15,20,763,5,5,4,Champions
10057,70,21,1331,2,5,5,At Risk
10307,91,16,525,1,4,3,At Risk
8566,10,3,9,5,1,1,New / Promising
2415,99,13,953,1,3,4,Can't Lose Them
5684,25,5,68,4,2,2,New / Promising
8334,34,7,131,4,2,2,New / Promising
9166,57,20,882,3,5,4,Needs Attention
1440,84,23,1149,1,5,4,At Risk
78,51,4,37,3,1,1,Needs Attention
5441,97,13,388,1,3,3,Hibernating
5302,13,15,1428,5,4,5,Champions
4687,92,23,1633,1,5,5,At Risk
1087,30,7,173,4,2,2,New / Promising
6859,30,7,99,4,2,2,New / Promising
9860,11,9,215,5,3,3,Loyal
7129,72,23,929,2,5,4,At Risk
5866,39,9,219,3,3,3,Needs Attention
10521,0,8,174,5,2,2,New / Promising
7393,15,6,92,5,2,2,New / Promising
7849,12,24,1052,5,5,4,Champions
332,56,11,275,3,3,3,Needs Attention
9847,39,14,587,3,3,3,Needs Attention
531,55,22,1662,3,5,5,Needs Attention
9576,60,8,159,2,2,2,Hibernating
6906,73,17,1024,2,4,4,At Risk
7419,90,5,35,1,2,1,Hibernating
3170,86,14,1042,1,3,4,Can't Lose Them
8527,37,14,395,4,3,3,Loyal
7872,7,22,557,5,5,3,Loyal
9931,29,0,9,4,1,1,New / Promising
10595,19,5,69,4,2,2,New / Promising
4609,14,15,486,5,4,3,Loyal
5010,72,4,34,2,1,1,Hibernating
4427,56,27,1365,3,5,5,Needs Attention
11148,85,3,13,1,1,1,Hibernating
1168,62,20,1401,2,5,5,At Risk
9595,1,13,1574,5,3,5,Loyal
10163,28,19,1323,4,4,5,Champions
2886,70,28,1217,2,5,5,At Risk
6710,84,6,103,1,2,2,Hibernating
5316,89,6,84,1,2,2,Hibernating
9029,73,22,1536,2,5,5,At Risk
521,42,16,581,3,4,3,Needs Attention
1459,16,13,928,5,3,4,Loyal
10241,16,3,14,5,1,1,New / Promising
1630,56,14,424,3,3,3,Needs Attention
3254,65,13,960,2,3,4,Can't Lose Them
9064,10,19,1555,5,4,5,Champions
3678,13,18,656,5,4,4,Champions
4227,78,6,55,2,2,2,Hibernating
9467,51,4,20,3,1,1,Needs Attention
8486,27,13,367,4,3,3,Loyal
2186,30,21,2257,4,5,5,Champions
3286,71,5,42,2,2,1,Hibernating
8602,97,24,1049,1,5,4,At Risk
3722,83,5,48,1,2,1,Hibernating
6715,3,19,685,5,4,4,Champions
4796,71,4,39,2,1,1,Hibernating
9612,3,4,43,5,1,1,New / Promising
3766,15,18,835,5,4,4,Champions
1399,52,19,1515,3,4,5,Needs Attention
1570,8,24,1039,5,5,4,Champions
3426,89,23,1596,1,5,5,At Risk
3074,66,17,1828,2,4,5,At Risk
8341,22,4,34,4,1,1,New / Promising
5180,56,8,149,3,2,2,Needs Attention
6461,74,22,946,2,5,4,At Risk
7679,48,5,28,3,2,1,Needs Attention
10702,67,15,450,2,4,3,At Risk
7505,24,4,46,4,1,1,New / Promising
5113,67,15,1702,2,4,5,At Risk
10858,38,21,820,4,5,4,Champions
2961,86,13,382,1,3,3,Hibernating
2747,90,19,2126,1,4,5,At Risk
3010,87,19,2069,1,4,5,At Risk
5790,62,5,72,2,2,2,Hibernating
6892,23,20,732,4,5,4,Champions
1743,99,10,801,1,3,4,Can't Lose Them
3578,29,10,236,4,3,3,Loyal
8462,52,4,80,3,1,2,Needs Attention
5558,90,14,1685,1,3,5,Can't Lose Them
4619,9,27,277,5,5,3,Loyal
8780,71,16,507,2,4,3,At Risk
10789,13,5,68,5,2,2,New / Promising
10779,16,4,49,5,1,1,New / Promising
5896,94,14,397,1,3,3,Hibernating
2337,77,6,39,2,2,1,Hibernating
10951,20,12,306,4,3,3,Loyal
544,51,13,976,3,3,4,Needs Attention
17,81,24,1028,1,5,4,At Risk
10680,71,6,70,2,2,2,Hibernating
3265,36,4,46,4,1,1,New / Promising
5623,95,4,51,1,1,1,Hibernating
5832,32,21,1263,4,5,5,Champions
5544,32,20,1490,4,5,5,Champions
6417,85,23,1564,1,5,5,At Risk
5831,93,15,1815,1,4,5,At Risk
7101,24,25,1198,4,5,5,Champions
10176,44,16,416,3,4,3,Needs Attention
2326,15,5,85,5,2,2,New / Promising
4385,82,6,47,1,2,1,Hibernating
2929,27,7,137,4,2,2,New / Promising
10686,72,3,21,2,1,1,Hibernating
2546,7,5,70,5,2,2,New / Promising
3283,57,20,909,3,5,4,Needs Attention
3138,84,22,1676,1,5,5,At Risk
4994,53,25,1735,3,5,5,Needs Attention
7966,48,27,1191,3,5,5,Needs Attention
3112,2,4,24,5,1,1,New / Promising
10872,65,17,1182,2,4,5,At Risk
2181,45,13,1280,3,3,5,Needs Attention
1867,42,18,1336,3,4,5,Needs Attention
1518,29,19,749,4,4,4,Champions
5734,83,6,91,1,2,2,Hibernating
2878,93,13,414,1,3,3,Hibernating
1458,40,6,44,3,2,1,Needs Attention
7007,47,6,63,3,2,2,Needs Attention
6200,50,21,901,3,5,4,Needs Attention
1403,40,4,38,3,1,1,Needs Attention
4827,3,15,455,5,4,3,Loyal
6250,62,21,775,2,5,4,At Risk
9291,25,3,15,4,1,1,New / Promising
2478,48,5,38,3,2,1,Needs Attention
1139,56,21,1512,3,5,5,Needs Attention
5138,68,4,43,2,1,1,Hibernating
5393,64,4,42,2,1,1,Hibernating
10413,67,22,1089,2,5,4,At Risk
5015,94,7,162,1,2,2,Hibernating
10868,82,17,1272,1,4,5,At Risk
10676,3,18,1173,5,4,4,Champions
2495,24,21,816,4,5,4,Champions
7842,54,6,74,3,2,2,Needs Attention
9955,20,7,134,4,2,2,New / Promising
6663,96,8,157,1,2,2,Hibernating
2162,19,16,561,4,4,3,Loyal
3434,60,18,1336,2,4,5,At Risk
7919,2,22,2092,5,5,5,Champions
5626,13,15,463,5,4,3,Loyal
6428,37,16,1130,4,4,4,Champions
8514,59,4,20,2,1,1,Hibernating
10448,55,13,377,3,3,3,Needs Attention
2109,60,27,1544,2,5,5,At Risk
7530,48,7,138,3,2,2,Needs Attention
8925,38,23,1012,4,5,4,Champions
3009,8,14,1766,5,3,5,Loyal
6355,19,6,45,4,2,1,New / Promising
3517,32,7,161,4,2,2,New / Promising
1158,27,7,144,4,2,2,New / Promising
6203,58,25,1734,3,5,5,Needs Attention
7165,59,20,823,2,5,4,At Risk
3595,29,26,1138,4,5,4,Champions
8537,60,20,1429,2,5,5,At Risk
4331,41,20,1371,3,5,5,Needs Attention
6281,27,14,982,4,3,4,Loyal
4338,28,4,44,4,1,1,New / Promising
2452,8,12,318,5,3,3,Loyal
9507,18,14,434,5,3,3,Loyal
8360,76,9,198,2,3,3,Hibernating
10311,0,25,359,5,5,3,Loyal
5117,32,16,576,4,4,3,Loyal
4867,2,7,88,5,2,2,New / Promising
9289,16,5,63,5,2,2,New / Promising
10913,56,3,27,3,1,1,Needs Attention
3032,97,8,193,1,2,2,Hibernating
8524,15,6,101,5,2,2,New / Promising
3334,35,21,2211,4,5,5,Champions
4470,3,7,140,5,2,2,New / Promising
1406,49,14,415,3,3,3,Needs Attention
8619,4,3,22,5,1,1,New / Promising
10821,45,10,263,3,3,3,Needs Attention
4552,37,11,393,4,3,3,Loyal
898,39,7,147,3,2,2,Needs Attention
9797,38,14,443,4,3,3,Loyal
10949,8,18,1958,5,4,5,Champions
8212,89,8,174,1,2,2,Hibernating
6248,47,27,2217,3,5,5,Needs Attention
10164,75,15,1691,2,4,5,At Risk
4547,86,4,25,1,1,1,Hibernating
6815,4,21,809,5,5,4,Champions
4122,73,15,895,2,4,4,At Risk
10841,46,15,484,3,4,3,Needs Attention
5370,38,14,413,4,3,3,Loyal
176,73,11,331,2,3,3,Hibernating
4860,66,4,25,2,1,1,Hibernating
10757,36,3,13,4,1,1,New / Promising
4023,29,7,115,4,2,2,New / Promising
6679,29,3,16,4,1,1,New / Promising
9923,6,6,92,5,2,2,New / Promising
7181,97,5,52,1,2,1,Hibernating
3599,61,20,1464,2,5,5,At Risk
405,68,13,441,2,3,3,Hibernating
6870,73,11,283,2,3,3,Hibernating
832,90,20,747,1,5,4,At Risk
2002,81,16,1870,1,4,5,At Risk
3657,1,8,165,5,2,2,New / Promising
500,79,23,1941,2,5,5,At Risk
1951,92,21,839,1,5,4,At Risk
3262,31,24,1655,4,5,5,Champions
4102,46,3,23,3,1,1,Needs Attention
7042,14,5,66,5,2,2,New / Promising
10598,89,5,37,1,2,1,Hibernating
255,31,4,21,4,1,1,New / Promising
2375,75,3,22,2,1,1,Hibernating
9829,42,6,78,3,2,2,Needs Attention
6214,53,5,79,3,2,2,Needs Attention
4954,53,11,265,3,3,3,Needs Attention
7861,23,17,1175,4,4,5,Champions
4837,57,26,1305,3,5,5,Needs Attention
9423,49,6,46,3,2,1,Needs Attention
4198,6,3,25,5,1,1,New / Promising
153,29,4,46,4,1,1,New / Promising
9323,5,22,874,5,5,4,Champions
10001,98,6,100,1,2,2,Hibernating
3945,80,23,930,1,5,4,At Risk
3799,4,20,868,5,5,4,Champions
8625,70,6,45,2,2,1,Hibernating
3491,32,25,1260,4,5,5,Champions
983,82,11,414,1,3,3,Hibernating
9119,27,13,392,4,3,3,Loyal
4786,94,25,1109,1,5,4,At Risk
5872,23,18,639,4,4,4,Champions
6568,97,5,79,1,2,2,Hibernating
5628,25,23,1665,4,5,5,Champions
5631,92,17,692,1,4,4,At Risk
4974,98,19,1392,1,4,5,At Risk
8416,19,5,44,4,2,1,New / Promising
5454,80,5,50,1,2,1,Hibernating
4095,80,13,467,1,3,3,Hibernating
5474,79,9,223,2,3,3,Hibernating
4268,50,8,158,3,2,2,Needs Attention
10701,60,27,1211,2,5,5,At Risk
3507,44,12,1575,3,3,5,Needs Attention
2079,0,21,1208,5,5,5,Champions
626,28,4,43,4,1,1,New / Promising
4426,35,15,527,4,4,3,Loyal
2591,49,13,932,3,3,4,Needs Attention
10509,46,6,71,3,2,2,Needs Attention
6382,97,4,54,1,1,1,Hibernating
6673,51,6,129,3,2,2,Needs Attention
7441,80,24,1615,1,5,5,At Risk
1071,10,23,1034,5,5,4,Champions
10061,29,23,1088,4,5,4,Champions
7187,52,18,721,3,4,4,Needs Attention
8775,74,7,137,2,2,2,Hibernating
1612,82,6,47,1,2,1,Hibernating
2345,54,16,1244,3,4,5,Needs Attention
322,93,5,41,1,2,1,Hibernating
10897,63,27,1174,2,5,5,At Risk
123,92,13,993,1,3,4,Can't Lose Them
6103,40,6,100,3,2,2,Needs Attention
7899,70,15,1680,2,4,5,At Risk
10500,96,7,98,1,2,2,Hibernating
1655,81,4,48,1,1,1,Hibernating
2406,63,16,519,2,4,3,At Risk
2712,85,19,715,1,4,4,At Risk
5517,51,4,37,3,1,1,Needs Attention
10643,23,18,653,4,4,4,Champions
2254,95,20,1455,1,5,5,At Risk
10281,11,17,602,5,4,3,Loyal
6958,42,4,26,3,1,1,Needs Attention
954,77,6,102,2,2,2,Hibernating
5079,82,6,97,1,2,2,Hibernating
10339,83,9,207,1,3,3,Hibernating
4643,40,7,176,3,2,2,Needs Attention
3117,95,12,450,1,3,3,Hibernating
6497,32,13,433,4,3,3,Loyal
5396,48,29,1366,3,5,5,Needs Attention
5250,75,21,1564,2,5,5,At Risk
1052,24,24,1001,4,5,4,Champions
2802,61,17,961,2,4,4,At Risk
6343,6,22,1518,5,5,5,Champions
6507,16,6,56,5,2,2,New / Promising
7901,39,3,22,3,1,1,Needs Attention
4865,2,14,400,5,3,3,Loyal
2686,49,3,26,3,1,1,Needs Attention
3107,31,12,350,4,3,3,Loyal
7734,58,21,1216,3,5,5,Needs Attention
1146,5,22,874,5,5,4,Champions
11031,90,4,40,1,1,1,Hibernating
7428,47,18,1367,3,4,5,Needs Attention
975,25,10,264,4,3,3,Loyal
1103,60,18,2053,2,4,5,At Risk
3422,67,9,1376,2,3,5,Can't Lose Them
1055,40,4,45,3,1,1,Needs Attention
6544,63,24,976,2,5,4,At Risk
1241,1,4,51,5,1,1,New / Promising
2909,89,18,1264,1,4,5,At Risk
5802,40,6,75,3,2,2,Needs Attention
1407,5,5,57,5,2,2,New / Promising
6183,3,7,140,5,2,2,New / Promising
340,1,17,497,5,4,3,Loyal
5991,24,10,266,4,3,3,Loyal
3104,89,20,2006,1,5,5,At Risk
9729,48,17,615,3,4,3,Needs Attention
1008,31,23,1021,4,5,4,Champions
11091,68,4,22,2,1,1,Hibernating
3969,46,6,133,3,2,2,Needs Attention
1916,92,14,437,1,3,3,Hibernating
9907,80,24,1013,1,5,4,At Risk
87,16,5,57,5,2,2,New / Promising
8659,50,25,1038,3,5,4,Needs Attention
6262,93,21,1573,1,5,5,At Risk
6147,51,3,28,3,1,1,Needs Attention
8832,24,7,123,4,2,2,New / Promising
10067,79,3,13,1,1,1,Hibernating
7532,26,7,132,4,2,2,New / Promising
4915,86,19,732,1,4,4,At Risk
2115,68,5,66,2,2,2,Hibernating
2088,98,23,1631,1,5,5,At Risk
2493,34,16,608,4,4,3,Loyal
6292,60,17,1822,2,4,5,At Risk
1631,3,19,1282,5,4,5,Champions
10104,65,3,8,2,1,1,Hibernating
3006,83,4,43,1,1,1,Hibernating
3919,64,19,1931,2,4,5,At Risk
11181,85,0,8,1,1,1,Hibernating
642,69,5,103,2,2,2,Hibernating
4369,48,14,1169,3,3,4,Needs Attention
10127,21,14,395,4,3,3,Loyal
271,30,10,258,4,3,3,Loyal
4973,39,4,25,3,1,1,Needs Attention
2948,76,9,185,2,3,2,Hibernating
2715,11,7,180,5,2,2,New / Promising
10432,26,4,22,4,1,1,New / Promising
9216,34,5,44,4,2,1,New / Promising
7124,72,7,94,2,2,2,Hibernating
9727,13,6,81,5,2,2,New / Promising
5136,58,21,798,3,5,4,Needs Attention
9790,12,18,1334,5,4,5,Champions
1818,23,4,38,4,1,1,New / Promising
1100,33,7,61,4,2,2,New / Promising
7873,30,12,300,4,3,3,Loyal
10609,15,6,88,5,2,2,New / Promising
6950,25,5,54,4,2,1,New / Promising
7233,4,14,1782,5,3,5,Loyal
9481,80,7,68,1,2,2,Hibernating
7699,30,10,258,4,3,3,Loyal
2711,6,4,31,5,1,1,New / Promising
8933,16,6,66,5,2,2,New / Promising
8726,57,8,174,3,2,2,Needs Attention
1515,9,4,28,5,1,1,New / Promising
5186,59,20,731,2,5,4,At Risk
10157,78,11,274,2,3,3,Hibernating
5667,90,23,1701,1,5,5,At Risk
902,74,12,312,2,3,3,Hibernating
977,10,14,414,5,3,3,Loyal
7313,63,22,1565,2,5,5,At Risk
7600,13,4,29,5,1,1,New / Promising
9706,98,6,94,1,2,2,Hibernating
2429,4,17,1338,5,4,5,Champions
3520,94,14,1092,1,3,4,Can't Lose Them
10394,91,17,1479,1,4,5,At Risk
4548,66,4,54,2,1,1,Hibernating
9362,14,17,568,5,4,3,Loyal
3968,77,26,1199,2,5,5,At Risk
4084,41,21,873,3,5,4,Needs Attention
6721,21,14,1213,4,3,5,Loyal
2829,25,20,731,4,5,4,Champions
1772,2,18,2043,5,4,5,Champions
1544,51,16,1893,3,4,5,Needs Attention
492,3,14,424,5,3,3,Loyal
4377,32,13,575,4,3,3,Loyal
4541,84,10,257,1,3,3,Hibernating
1321,49,6,56,3,2,2,Needs Attention
8858,69,17,542,2,4,3,At Risk
3266,96,6,125,1,2,2,Hibernating
11187,23,6,69,4,2,2,New / Promising
8207,18,4,40,5,1,1,New / Promising
9723,8,24,1016,5,5,4,Champions
2666,21,22,907,4,5,4,Champions
5721,60,23,1566,2,5,5,At Risk
10652,48,14,1169,3,3,4,Needs Attention
1646,36,5,46,4,2,1,New / Promising
4418,36,24,1644,4,5,5,Champions
2656,63,4,59,2,1,2,Hibernating
7990,2,3,17,5,1,1,New / Promising
8722,38,24,1853,4,5,5,Champions
7118,61,20,1528,2,5,5,At Risk
2980,52,6,35,3,2,1,Needs Attention
1839,25,7,141,4,2,2,New / Promising
10722,63,15,546,2,4,3,At Risk
2632,10,13,500,5,3,3,Loyal
9014,65,6,61,2,2,2,Hibernating
7620,71,6,106,2,2,2,Hibernating
10968,0,22,704,5,5,4,Champions
11133,3,14,424,5,3,3,Loyal
2736,88,21,849,1,5,4,At Risk
1876,15,5,85,5,2,2,New / Promising
5959,80,9,199,1,3,3,Hibernating
1092,17,16,1147,5,4,4,Champions
4333,76,6,54,2,2,1,Hibernating
3850,52,4,43,3,1,1,Needs Attention
6168,28,4,53,4,1,1,New / Promising
607,31,16,521,4,4,3,Loyal
10469,42,17,1623,3,4,5,Needs Attention
6983,24,5,45,4,2,1,New / Promising
3661,42,18,1435,3,4,5,Needs Attention
9303,12,1,32,5,1,1,New / Promising
692,88,3,16,1,1,1,Hibernating
736,67,5,52,2,2,1,Hibernating
9589,54,17,1234,3,4,5,Needs Attention
4838,40,3,15,3,1,1,Needs Attention
9246,73,13,415,2,3,3,Hibernating
6261,81,15,470,1,4,3,At Risk
7366,12,20,1438,5,5,5,Champions
10659,7,7,53,5,2,1,New / Promising
1448,33,6,51,4,2,1,New / Promising
4286,24,19,679,4,4,4,Champions
4749,55,16,586,3,4,3,Needs Attention
4478,87,18,653,1,4,4,At Risk
4201,39,14,468,3,3,3,Needs Attention
8720,53,1,1679,3,1,5,Needs Attention
10084,9,5,50,5,2,1,New / Promising
7004,82,6,84,1,2,2,Hibernating
9817,71,25,1049,2,5,4,At Risk
8080,50,3,22,3,1,1,Needs Attention
9432,23,7,62,4,2,2,New / Promising
8372,81,3,30,1,1,1,Hibernating
10870,46,16,1341,3,4,5,Needs Attention
4001,56,15,444,3,4,3,Needs Attention
7270,91,18,1241,1,4,5,At Risk
8235,8,21,843,5,5,4,Champions
9405,40,8,172,3,2,2,Needs Attention
